Gomes_Freire	458670	RocMar	PT	1900	1900	458670	100.00
Peregrinação	334908	FerMPin	PT	1614	1610	334908	100.00
A_semana	305330	MacAss	BR	1892	1890	305330	100.00
A_Ala_dos_Namorados	271558	AntCamJ	PT	1905	1900	271558	100.00
Os_Maias	266974	EcaQue	PT	1888	1880	266974	100.00
A_Condeca_Vésper_ou_Memórias_de_um_Condenado	253912	AluAze	BR	1882	1880	253912	100.00
Mistérios_de_Lisboa	237000	CamCBra	PT	1854	1850	237000	100.00
O_Conde_de_Castel_Melhor	234856	JoadCam	PT	1903	1900	234856	100.00
Girandula_de_Amores_ou_Mistério_da_Tijuca	223746	AluAze	BR	1882	1880	223746	100.00
Colaboração_no_Distrito_de_Évora	220651	EcaQue	PT	1868	1860	220651	100.00
História_de_Portugal_I	212061	AleHer	PT	1846	1840	212061	100.00
História_de_Portugal_II	208728	AleHer	PT	1848	1840	208728	100.00
Diário_de_África:_Como_atravessei_a_África_do_Atlântico_ao_Índico	192721	AleSP	PT	1881	1880	192721	100.00
Os_retirantes	187579	JosdPat	BR	1879	1870	187579	100.00
História_de_Portugal_IV	181942	AleHer	PT	1853	1850	181942	100.00
História_da_Literatura_Portuguesa_Vol._II	181287	TeoBra	PT	1912	1910	181287	100.00
História_da_Literatura_Portuguesa_Vol._III	180088	TeoBra	PT	1914	1910	180088	100.00
A_Morgadinha_dos_Canaviais	177103	JulDin	PT	1868	1860	177103	100.00
História_de_Portugal_III	172991	AleHer	PT	1851	1850	172991	100.00
O_Crime_do_Padre_Amaro	171378	EcaQue	PT	1875	1870	171378	100.00
Os_Fidalgos_da_Casa_Mourisca	168273	JulDin	PT	1871	1870	168273	100.00
Amanhã	163428	AbeBot	PT	1901	1900	163428	100.00
Os_miseráveis_da_aristocracia	161296	PerVar	PT	1864	1860	161296	100.00
A_senhora_duquesa	161172	LucCor	PT	1889	1880	161172	100.00
História_da_Literatura_Portuguesa_Vol._IV	158355	TeoBra	PT	1918	1910	158355	100.00
O_Tio_João_Gil	158336	FraBLob	PT	1906	1900	158336	100.00
Livro_das_Obras	156950	GarRes	PT	1545	1540	156950	100.00
Os_quatro_reis_impostores	156654	MarMes	PT	1908	1900	156654	100.00
O_Primo_Basílio	152102	EcaQue	PT	1878	1870	152102	100.00
Notas_Contemporâneas	151442	EcaQue	PT	1909	1900	151442	100.00
Inéditos_e_Esparsos	150950	JulDin	PT	1910	1910	150950	100.00
Uma_Família_Inglesa	147064	JulDin	PT	1868	1860	147064	100.00
Os_filhos_do_padre_Anselmo	143158	ACCSA	PT	1904	1900	143158	100.00
Contos_Tradicionais_do_Povo_Português_Vol._II	140984	TeoBra	PT	1883	1880	140984	100.00
O_moço_louro	139909	JMdM	BR	1845	1840	139909	100.00
Maurício	136930	BerGui	BR	1877	1870	136930	100.00
A_Capital	136903	EcaQue	PT	1925	1920	136903	100.00
História_da_Literatura_Portuguesa_Vol._I	136793	TeoBra	PT	1909	1900	136793	100.00
Os_trabalhadores_do_mar	136035	MacAss	BR	1866	1860	136035	100.00
A_Caveira_da_Mártir	135726	CamCBra	PT	1876	1870	135726	100.00
A_viagem_maravilhosa	133178	GraAra	BR	1929	1920	133178	100.00
O_Salústio_Nogueira	132457	TeiQue	PT	1909	1900	132457	100.00
A_Ilustre_Casa_de_Ramires	131415	EcaQue	PT	1900	1900	131415	100.00
Contos_Tradicionais_do_Povo_Português_Vol._I	130692	TeoBra	PT	1883	1880	130692	100.00
O_Barão_de_Lavos	130128	AbeBot	PT	1891	1890	130128	100.00
O_Coruja	129807	AluAze	BR	1889	1880	129807	100.00
O_Povo_Português_nos_seus_Costumes,_Crenças_e_Tradições_I	129197	TeoBra	PT	1885	1880	129197	100.00
A_Tragédia_da_Rua_das_Flores	127901	EcaQue	PT	1878	1870	127901	100.00
Sucessos_de_Madama_de_Senneterre_por_ela_referidos	126150	FilEli	PT	1817	1810	126150	100.00
Os_Dois_Amores	125481	JMdM	BR	1848	1840	125481	100.00
O_Guarani	124398	JosdAle	BR	1857	1850	124398	100.00
A_Mulata	123151	CarMDia	PT	1896	1890	123151	100.00
Últimas_Páginas	122453	EcaQue	PT	1912	1910	122453	100.00
O_piolho_viajante:_Viagens_em_mil_e_uma_carapuças	119967	PolSil	PT	1802	1800	119967	100.00
O_Mulato	118724	AluAze	BR	1881	1880	118724	100.00
O_missionário	117740	IngSou	BR	1891	1890	117740	100.00
Filho_das_ervas	117089	CarMDia	PT	1900	1900	117089	100.00
El-Rei_Junot	116417	RauBra	PT	1903	1900	116417	100.00
Casa_de_Pensão	114875	AluAze	BR	1884	1880	114875	100.00
As_Pupilas_do_Senhor_Reitor	114433	JulDin	PT	1867	1860	114433	100.00
As_Vítimas-Algozes	112723	JMdM	BR	1869	1860	112723	100.00
A_conquista	110874	CoeNet	BR	1899	1890	110874	100.00
A_Casa_dos_Fantasmas	108742	LARSil	PT	1908	1900	108742	100.00
Margarida	108628	JulLPin	PT	1879	1870	108628	100.00
Anátema	108346	CamCBra	PT	1851	1850	108346	100.00
O_sertanejo	108073	JosdAle	BR	1875	1870	108073	100.00
Cartas_de_Inglaterra	108032	EcaQue	PT	1905	1900	108032	100.00
Crónica_do_Felicíssimo_Rei_D._Manuel	107213	DamGoi	PT	1566	1560	107213	100.00
Mota_Coqueiro	107027	JosdPat	BR	1877	1870	107027	100.00
Obras_Tomo_IX	105720	FilEli	PT	1789	1780	105720	100.00
El-rei_dinheiro	105012	ArnGam	PT	1876	1870	105012	100.00
A_Relíquia	103988	EcaQue	PT	1887	1880	103988	100.00
Simá:_Romance_Histórico_do_Alto_Amazonas	101619	LouAma	BR	1899	1890	101619	100.00
História_do_Romantismo_em_Portugal_II	101232	TeoBra	PT	1880	1880	101232	100.00
A_selva	101023	FerCas	PT	1930	1930	101023	100.00
Ao_correr_da_pena	100813	JosdAle	BR	1854	1850	100813	100.00
Os_Sertões_II	100792	EucCun	BR	1902	1900	100792	100.00
Amor_crioulo	100466	AbeBot	PT	1919	1910	100466	100.00
Mocidade_morta	100187	LuiGDEst	BR	1899	1890	100187	100.00
Curso_de_Literatura_Portuguesa	99845	CamCBra	PT	1876	1870	99845	100.00
Corte_na_Aldeia	98868	FraRLob	PT	1618	1610	98868	100.00
As_Lendas_Cristãs	97483	TeoBra	PT	1892	1890	97483	100.00
A_geração_nova	97151	SamBru	PT	1886	1880	97151	100.00
A_vida_em_Lisboa	97080	JulCMac	PT	1858	1850	97080	100.00
Fábulas_(FMN)	96357	FilEli	PT	1819	1810	96357	100.00
A_conquista_de_Lisboa	96204	CarPAlm	PT	1866	1860	96204	100.00
O_paroara:_scenas_da_vida_cearense_e_amazonica	95844	RodThe	BR	1899	1890	95844	100.00
A_ermida_de_Castromino	95752	AntATVas	PT	1870	1870	95752	100.00
Os_Meus_Amores	95721	TriCoe	PT	1891	1890	95721	100.00
Prosas_Bárbaras	95691	EcaQue	PT	1903	1900	95691	100.00
O_Cortiço	95518	AluAze	BR	1890	1890	95518	100.00
O_mundo_no_ano_3000	95435	PJSM	PT	1895	1890	95435	100.00
Dicionário_de_Milagres	94693	EcaQue	PT	1900	1900	94693	100.00
Ambições	94556	AnaCO	PT	1903	1900	94556	100.00
Quincas_Borba	93242	MacAss	BR	1886	1880	93242	100.00
Sermões_Maria_Rosa_Mística	92994	AntVie	PT	1686	1680	92994	100.00
Versos_Tomo_III	91924	FilEli	PT	1817	1810	91924	100.00
Onde_Esta_a_Felicidade	91211	CamCBra	PT	1856	1850	91211	100.00
A_afilhada	90801	MandOPai	BR	1899	1890	90801	100.00
Transviado	90523	JayMLim	PT	1899	1890	90523	100.00
A_Filha_do_Arcedíago	90320	CamCBra	PT	1854	1850	90320	100.00
Canaã	90161	GraAra	BR	1902	1900	90161	100.00
Teatro,_Antônio_Ferreira	89820	AntFer	PT	1528	1520	89820	100.00
O_Matuto	88595	FraTav	BR	1878	1870	88595	100.00
Senhora	88436	JosdAle	BR	1875	1870	88436	100.00
Turbilhão	88347	CoeNet	BR	1904	1900	88347	100.00
Inverno_em_flor	87828	CoeNet	BR	1897	1890	87828	100.00
A_falência	87495	JulLAlm	BR	1901	1900	87495	100.00
Tempestades_do_Coração	87416	MatMor	PT	1867	1860	87416	100.00
A_bico_de_pena	87038	CoeNet	BR	1904	1900	87038	100.00
Contos_(EQ)	86581	EcaQue	PT	1902	1900	86581	100.00
O_Egipto	86380	EcaQue	PT	1926	1920	86380	100.00
Histórias_para_gente_alegre:_A_família_Agulha	86202	LuiGuiJ	BR	1870	1870	86202	100.00
Esaú_e_Jacó	86157	MacAss	BR	1904	1900	86157	100.00
Sonhos_dOuro	85788	JosdAle	BR	1872	1870	85788	100.00
Treva	85568	CoeNet	BR	1905	1900	85568	100.00
O_agitador	85515	ForCPin	PT	1906	1900	85515	100.00
Providência	85511	AugSar	PT	1863	1860	85511	100.00
A_Cidade_e_as_Serras	85412	EcaQue	PT	1901	1900	85412	100.00
Maria_Dusá	84757	LinRoc	BR	1910	1910	84757	100.00
O_último_cartuxo_da_Scala_Caeli_de_Évora:_Romance_histórico_(1808-1865)	84744	AntFBar	PT	1891	1890	84744	100.00
Os_Sertões_I	84646	EucCun	BR	1902	1900	84646	100.00
Obras_Vol._II	84508	DomRqui	PT	1766	1760	84508	100.00
O_príncipe_com_orelhas_de_burro	83867	JosReg	PT	1942	1940	83867	100.00
O_trovador_da_infanta	82960	OliMas	PT	1906	1900	82960	100.00
A_guerrilha_de_Frei_Simão	82861	AlbPim	PT	1895	1890	82861	100.00
Viagens_na_Minha_Terra	82559	AlmGar	PT	1846	1840	82559	100.00
À_margem_da_história	82392	EucCun	BR	1909	1900	82392	100.00
O_gaúcho	82223	JosdAle	BR	1870	1870	82223	100.00
O_Monge_de_Cister_II	81922	AleHer	PT	1848	1840	81922	100.00
Febo_Moniz	81653	OliMar	PT	1867	1860	81653	100.00
O_agonizar_de_uma_dinastia	80955	EduNor	PT	1908	1900	80955	100.00
As_Mulheres_de_Mantilha	80571	JMdM	BR	1870	1870	80571	100.00
História_da_Inquisição_II	80376	AleHer	PT	1857	1850	80376	100.00
Triste_Fim_de_Policarpo_Quaresma	80187	LimBar	BR	1911	1910	80187	100.00
Novelas_do_Minho_I	80086	CamCBra	PT	1875	1870	80086	100.00
Mistério_da_Estrada_de_Sintra	79846	EcaQue	PT	1870	1870	79846	100.00
Os_Caramurús:_romance_histórico_da_descoberta_e_independência_do_Brasil	79816	LobAvi	PT	1900	1900	79816	100.00
Água_de_Juventa	79526	CoeNet	BR	1905	1900	79526	100.00
O_Mistério_da_Estrada_de_Sintra	79276	ROEQ	PT	1870	1870	79276	100.00
Mistérios_de_Lisboa_I	78849	CamCBra	PT	1854	1850	78849	100.00
Dom_Casmurro	78760	MacAss	BR	1899	1890	78760	100.00
Mistérios_de_Lisboa_III	78616	CamCBra	PT	1854	1850	78616	100.00
O_selo_da_roda	78264	PedIvo	PT	1876	1870	78264	100.00
História_da_Inquisição_I	78102	AleHer	PT	1854	1850	78102	100.00
Mistérios_de_Lisboa_II	77670	CamCBra	PT	1854	1850	77670	100.00
A_Marquesa_de_Santos	77261	PauSet	BR	1925	1920	77261	100.00
Os_Lusíadas	77100	LuidCam	PT	1572	1570	77100	100.00
Crónica_do_Felicíssimo_Rei_D._Manuel_Parte_II	76993	DamGoi	PT	1567	1560	76993	100.00
Às_quintas	76974	CoeNet	BR	1924	1920	76974	100.00
Aventuras_de_Diófanes	76901	TMSO	PT	1777	1770	76901	100.00
Novelas_do_Minho_II	76741	CamCBra	PT	1877	1870	76741	100.00
Miragem	76351	CoeNet	BR	1895	1890	76351	100.00
In_Illo_Tempore	76148	TriCoe	PT	1902	1900	76148	100.00
Húmus	76101	RauBra	PT	1919	1910	76101	100.00
O_Arco_de_Santana	75558	AlmGar	PT	1845	1840	75558	100.00
Luzia_Homem	75195	DomOli	BR	1903	1900	75195	100.00
As_minas_de_prata	75190	JosdAle	BR	1862	1860	75190	100.00
Luzia-Homem	75113	DomOli	BR	1903	1900	75113	100.00
História_da_Inquisição_III	74620	AleHer	PT	1859	1850	74620	100.00
A_morte_vence	74479	JoJoGra	PT	1916	1910	74479	100.00
Memórias_I	73952	RauBra	PT	1919	1910	73952	100.00
A_Alma_Encantadora_das_Ruas	73686	JoadRio	BR	1807	1800	73686	100.00
A_Corja	73635	CamCBra	PT	1880	1880	73635	100.00
História_do_Romantismo_em_Portugal_I	73361	TeoBra	PT	1880	1880	73361	100.00
Memórias_póstumas_de_Brás_Cubas	73065	MacAss	BR	1881	1880	73065	100.00
O_bandido_do_Rio_das_Mortes	73009	BerGui	BR	1905	1900	73009	100.00
14_de_julho_na_roça	72768	RauPom	BR	1883	1880	72768	100.00
A_Normalista	72756	AdoCam	BR	1893	1890	72756	100.00
O_Abolicionismo	72474	JoaNab	BR	1883	1880	72474	100.00
O_Ateneu	72372	RauPom	BR	1888	1880	72372	100.00
Uma_Campanha_Alegre_I	72346	EcaQue	PT	1890	1890	72346	100.00
Obras_Vol._I	71886	DomRqui	PT	1766	1760	71886	100.00
Recordações_do_escrivão_Isaías_Caminha	71569	LimBar	BR	1909	1900	71569	100.00
Flor_de_sangue	71542	ValMag	BR	1897	1890	71542	100.00
Um_conto_português:_episódio_da_guerra_civil:_a_Maria_da_Fonte	71383	MJTM	PT	1873	1870	71383	100.00
Da_parte_d'el-rei	70930	AMCunSa	PT	1873	1870	70930	100.00
Romance_dum_Homem_Rico	70759	CamCBra	PT	1861	1860	70759	100.00
As_Minas_de_Salomão	70475	EcaQue	PT	1891	1890	70475	100.00
Céu_em_Fogo	70250	MarScar	PT	1914	1910	70250	100.00
A_Filha_do_Doutor_Negro	70236	CamCBra	PT	1864	1860	70236	100.00
Livro_de_Consolação	70138	CamCBra	PT	1872	1870	70138	100.00
A_infâmia_de_Frei_Quintino	69986	UrbLou	PT	1878	1870	69986	100.00
Um_Homem_de_Brios	69925	CamCBra	PT	1856	1850	69925	100.00
Maria_da_Fonte	69798	CamCBra	PT	1884	1880	69798	100.00
O_Bobo	69672	AleHer	PT	1843	1840	69672	100.00
O_Monge_de_Cister_I	69659	AleHer	PT	1848	1840	69659	100.00
Miss_Kate	69638	CosVel	BR	1909	1900	69638	100.00
Oliver_Twist	69521	MacAss	BR	1870	1870	69521	100.00
Viriato_(TB)	69473	TeoBra	PT	1904	1900	69473	100.00
Numa_e_a_Ninfa	69467	LimBar	BR	1915	1910	69467	100.00
A_serpente_de_bronze	69357	HumCam	BR	1921	1920	69357	100.00
Pombos_de_Maomé	69341	HumCam	BR	1925	1920	69341	100.00
A_Rosa_do_Adro	69323	ManMRod	PT	1870	1870	69323	100.00
Esbocos_de_Apreciacões_Literárias	69083	CamCBra	PT	1863	1860	69083	100.00
A_Brasileira_de_Prazins	68944	CamCBra	PT	1882	1880	68944	100.00
Dona_Guidinha_do_Poço	68817	MandOPai	BR	1891	1890	68817	100.00
Memórias_de_um_sargento_de_milícias	68809	ManAAlm	BR	1852	1850	68809	100.00
Memórias_da_Rua_do_Ouvidor	67812	JMdM	BR	1878	1870	67812	100.00
As_Farpas_Tomo_VIII	67582	RamOrt	PT	1872	1870	67582	100.00
A_Funda_de_Davi	67388	HumCam	BR	1944	1940	67388	100.00
Eurico_o_Presbítero	67268	AleHer	PT	1844	1840	67268	100.00
Fradique_Mendes	67187	EcaQue	PT	1900	1900	67187	100.00
Rei_negro	67168	CoeNet	BR	1914	1910	67168	100.00
Cartas_Sobre_a_Educacao_da_Mocidade	67028	AntNRS	PT	1760	1760	67028	100.00
A_rua_do_oiro	67014	AlfMes	PT	1905	1900	67014	100.00
O_Anel_Misterioso:_Cenas_da_Guerra_Peninsular	66888	AlbPim	PT	1873	1870	66888	100.00
História_do_Futuro_I	66850	AntVie	PT	1659	1650	66850	100.00
Aventuras_de_Dona_Redonda	66782	VirCA	PT	1943	1940	66782	100.00
A_Carne	66660	JulRib	BR	1888	1880	66660	100.00
Romanceiro_(AG)	66634	AlmGar	PT	1851	1850	66634	100.00
O_Marquês_da_Bacalhoa	66522	AntAlb	PT	1908	1900	66522	100.00
Reflexões_sobre_a_Vaidade_dos_Homens	66499	MatAir	PT	1705	1700	66499	100.00
Iaiá_Garcia	66427	MacAss	BR	1878	1870	66427	100.00
Infaustas_Aventuras_de_Mestre_Marçal_Estouro:_Vítima_duma_paixão	66396	JosSMLea	PT	1862	1860	66396	100.00
Versos_Tomo_I	66382	FilEli	PT	1817	1810	66382	100.00
A_Intrusa	66347	JulLAlm	BR	1905	1900	66347	100.00
Helena	66264	MacAss	BR	1876	1870	66264	100.00
No_tempo_dos_franceses	66222	FraFBen	PT	1908	1900	66222	100.00
O_Cabeleira	66089	FraTav	BR	1876	1870	66089	100.00
Lendas_e_Narrativas_I	66084	AleHer	PT	1851	1850	66084	100.00
Fábulas_de_La_Fontaine	66007	TeoBra	PT	1907	1900	66007	100.00
Vinte_Horas_de_Liteira	65503	CamCBra	PT	1864	1860	65503	100.00
A_Freira_no_Subterraneo	65061	CamCBra	PT	1875	1870	65061	100.00
Sermões,_Antonio_Vieira	64950	AntVie	PT	1608	1600	64950	100.00
Baú_velho	64580	VirCor	BR	1927	1920	64580	100.00
Filomena_Borges	64569	AluAze	BR	1884	1880	64569	100.00
O_Bem_e_o_Mal	64512	CamCBra	PT	1863	1860	64512	100.00
O_Conde_de_S._Luís	64467	TomMel	PT	1874	1870	64467	100.00
Matilde	64384	AnMRSa	PT	1874	1870	64384	100.00
Memórias_II	64262	RauBra	PT	1925	1920	64262	100.00
As_Ilhas_Desconhecidas	64145	RauBra	PT	1926	1920	64145	100.00
A_luneta_mágica	63812	JMdM	BR	1869	1860	63812	100.00
Cenas_da_Foz	63801	CamCBra	PT	1860	1860	63801	100.00
Os_selvagens	63682	FraGAmo	PT	1875	1870	63682	100.00
Os_romances_da_semana	63667	JMdM	BR	1855	1850	63667	100.00
O_Príncipe_de_Nassau	63550	PauSet	BR	1925	1920	63550	100.00
Memórias_III	63447	RauBra	PT	1933	1930	63447	100.00
O_Homem	63277	AluAze	BR	1887	1880	63277	100.00
O_Carrasco_de_Vitor_Hugo	63151	CamCBra	PT	1872	1870	63151	100.00
O_Cura_de_São_Lourenço	62798	MMSAV	PT	1855	1850	62798	100.00
A_Divorciada	62375	JosAVie	PT	1906	1900	62375	100.00
Dentro_da_Noite	62322	JoadRio	BR	1910	1910	62322	100.00
A_Escrava_Isaura	62261	BerGui	BR	1875	1870	62261	100.00
George_Marcial	62166	VirVar	BR	1901	1900	62166	100.00
Origens_Poéticas_do_Cristianismo	62148	TeoBra	PT	1880	1880	62148	100.00
Inocência	62090	VisTau	BR	1872	1870	62090	100.00
O_morto	62080	CoeNet	BR	1898	1890	62080	100.00
Cartas_Familiares	61845	EcaQue	PT	1907	1900	61845	100.00
História_Sebástica	61814	MandSan	PT	1672	1670	61814	100.00
O_Livro_de_uma_Sogra	61809	AluAze	BR	1895	1890	61809	100.00
O_Conde_d_Abranhos	61731	EcaQue	PT	1925	1920	61731	100.00
Poesias_TOMO_II	61653	ADCS	PT	1807	1800	61653	100.00
Pero_da_Covilhã:_Episódio_Romântico_do_Século_XV	61613	ZNGB	PT	1897	1890	61613	100.00
Horas_de_Luta	61560	GueJun	PT	1910	1910	61560	100.00
Camões_(AG)	61558	AlmGar	PT	1825	1820	61558	100.00
A_carteira_de_um_neurastênico	61433	AntLob	BR	1903	1900	61433	100.00
As_Religiões_no_Rio	61338	JoadRio	BR	1904	1900	61338	100.00
Clara_dos_anjos	61298	LimBar	BR	1948	1940	61298	100.00
Mulheres_e_Crianças:_Notas_Sobre_Educação	61238	MAVC	PT	1880	1880	61238	100.00
A_arte_de_furtar	61221	MandCos	PT	1601	1600	61221	100.00
Poesias_TOMO_IV	61150	ADCS	PT	1807	1800	61150	100.00
Poemas_Escolhidos	60972	ClaMCos	BR	1768	1760	60972	100.00
Ecos_de_Paris	60710	EcaQue	PT	1905	1900	60710	100.00
A_Filha_do_Regicida	60477	CamCBra	PT	1875	1870	60477	100.00
Histórias_sem_Data	60452	MacAss	BR	1884	1880	60452	100.00
Amor_de_Perdição	60401	CamCBra	PT	1862	1860	60401	100.00
O_Retrato_de_Ricardina	60287	CamCBra	PT	1868	1860	60287	100.00
Ele	60263	ClaCam	PT	1899	1890	60263	100.00
Maria_ou_a_menina_roubada	60017	AGTS	BR	1852	1850	60017	100.00
Memorial_de_Aires	59716	MacAss	BR	1908	1900	59716	100.00
Nova_Floresta	59582	ManBer	PT	1644	1640	59582	100.00
A_Queda_dum_Anjo	59529	CamCBra	PT	1866	1860	59529	100.00
Contos_e_fantasias	59297	MAVC	PT	1880	1880	59297	100.00
A_vida_de_Frei_Bertolameu_dos_Mártires	59237	LuidSou	PT	1556	1550	59237	100.00
Amor_de_Salvação	59007	CamCBra	PT	1864	1860	59007	100.00
Discursos_vários_políticos	58877	ManSFar	PT	1583	1580	58877	100.00
Os_Bravos_do_Mindelo	58684	FauFon	PT	1906	1900	58684	100.00
A_chave_do_enigma	58623	FelCas	PT	1861	1860	58623	100.00
A_Vingança	58550	CamCBra	PT	1858	1850	58550	100.00
Memórias_do_Cárcere_I	58466	CamCBra	PT	1862	1860	58466	100.00
A_Lenda_da_Meia-Noite	58435	PinCha	PT	1906	1900	58435	100.00
Euronovela	58353	MigVAlm	PT	1998	1990	58353	100.00
Um_duelo_nas_sombras,_ou_D._Francisco_Manuel_de_Melo_(1630)	58147	AntFBar	PT	1875	1870	58147	100.00
Os_Brilhantes_do_Brasileiro	57784	CamCBra	PT	1869	1860	57784	100.00
O_Povo_Português_nos_seus_Costumes,_Crenças_e_Tradições_II	57753	TeoBra	PT	1885	1880	57753	100.00
O_Povo_Português_nos_seus_Costumes,_Crenças_e_Tradições_III	57753	TeoBra	PT	1885	1880	57753	100.00
A_Mortalha_de_Alzira	57673	AluAze	BR	1894	1890	57673	100.00
Monarchia_Lusitana	57592	AntBra	PT	1584	1580	57592	100.00
Da_pintura_antiga	57340	FradHol	PT	1517	1510	57340	100.00
Historia_do_futuro	56926	AntVie	PT	1608	1600	56926	100.00
A_Moreninha	56806	JMdM	BR	1844	1840	56806	100.00
O_Cemitério_dos_Vivos	56723	LimBar	BR	1920	1920	56723	100.00
Novo_Testamento:_João_e_Atos	56681	JoaFAlm	PT	1629	1620	56681	100.00
Viagem_à_Roda_da_Parvónia	56650	GueJun	PT	1879	1870	56650	100.00
Os_filhos_de_Inês_de_Castro_(FFJL)	56553	FFJL	PT	1905	1900	56553	100.00
Os_filhos_de_Inês_de_Castro	56553	FFJL	PT	1905	1900	56553	100.00
Os_Brâmanes	56545	FraLGom	PT	1866	1860	56545	100.00
O_futuro_à_janela	56455	LuiFSil	PT	1991	1990	56455	100.00
Vida_do_apostólico_padre_Antonio_Vieira	56344	AndBar	PT	1675	1670	56344	100.00
Cartas_Inéditas_de_Fradique_Mendes	56316	EcaQue	PT	1929	1920	56316	100.00
Herança_de_lágrimas	56195	LopSou	PT	1871	1870	56195	100.00
Coração_Cabeça_e_Estômago	56050	CamCBra	PT	1862	1860	56050	100.00
Crônica_del-Rei_D_Diniz	55909	RuydPin	PT	1440	1440	55909	100.00
Elvenda,_ou_Conquista_de_Coimbra_por_Fernando_Magno	55688	ManCPCou	PT	1858	1850	55688	100.00
O_Manuelinho_de_Évora	55544	AntFBar	PT	1873	1870	55544	100.00
Coisas_Espantosas	55436	CamCBra	PT	1862	1860	55436	100.00
Da_Monarquia_Lusitana	55288	BerBri	PT	1569	1560	55288	100.00
Os_Pescadores	55252	RauBra	PT	1923	1920	55252	100.00
Doze_Casamentos_Felizes	55224	CamCBra	PT	1861	1860	55224	100.00
A_Doida_do_Candal	55139	CamCBra	PT	1867	1860	55139	100.00
Nova_Sapho:_Tragedia_Extranha	55040	VisVil	PT	1911	1910	55040	100.00
A_descoberta_e_conquista_da_Índia_pelos_portugueses:_romance_historico	54904	LobAvi	PT	1898	1890	54904	100.00
Os_Pobres	54704	RauBra	PT	1906	1900	54704	100.00
Obras_Completas_Tomo_XI	54635	FilEli	PT	1800	1800	54635	100.00
Memórias_do_Cárcere_II	54491	CamCBra	PT	1862	1860	54491	100.00
Úrsula	54369	MFdR	BR	1859	1850	54369	100.00
O_médico_do_deserto	54112	JosJRBas	PT	1864	1860	54112	100.00
Décadas	53989	DiodCou	PT	1542	1540	53989	100.00
Esteiros	53957	SoePGom	PT	1941	1940	53957	100.00
O_Sacrifício	53768	FraTav	BR	1879	1870	53768	100.00
Crônica_del-Rei_Dom_João_I	53720	FerLop	PT	1380	1380	53720	100.00
Poesias	53635	SoadPas	PT	1856	1850	53635	100.00
Teatro,_Almeida_Garret	53304	AlmGar	PT	1799	1790	53304	100.00
A_Farsa	53120	RauBra	PT	1903	1900	53120	100.00
Versos_Tomo_IV	53058	FilEli	PT	1817	1810	53058	100.00
Vale_de_Josafá	52989	HumCam	BR	1918	1910	52989	100.00
Aventuras_de_Basílio_Fernandes_Enxertado	52746	CamCBra	PT	1863	1860	52746	100.00
Livro_Negro_de_Padre_Dinis_II	52248	CamCBra	PT	1855	1850	52248	100.00
A_Marquesa_de_Vale_Negro	52236	MarONei	PT	1914	1910	52236	100.00
Uma_Campanha_Alegre_II	51908	EcaQue	PT	1891	1890	51908	100.00
O_ermitão_do_Muquém	51906	BerGui	BR	1868	1860	51906	100.00
Adelina	51740	AnaPla	PT	1863	1860	51740	100.00
As_Praias_de_Portugal._Guia_do_Banhista_e_do_Viajante	51714	RamOrt	PT	1876	1870	51714	100.00
O_touro_negro	51243	AluAze	BR	1938	1930	51243	100.00
Arzila:_Romance_do_Século_XV	50933	BerPPin	PT	1862	1860	50933	100.00
O_exilado	50912	MauFig	PT	1900	1900	50912	100.00
Novelas_Doidas	50827	VirCor	BR	1921	1920	50827	100.00
Grãos_de_mostarda	50729	HumCam	BR	1926	1920	50729	100.00
A_bruxa:_cenas_açorianas	50683	AugLou	PT	1901	1900	50683	100.00
O_garimpeiro	50599	BerGui	BR	1972	1970	50599	100.00
Livro_Negro_de_Padre_Dinis_I	50309	CamCBra	PT	1855	1850	50309	100.00
A_história_de_Dona_Redonda_e_da_sua_gente	50077	VirCA	PT	1941	1940	50077	100.00
Macunaíma	50039	MardAnd	BR	1928	1920	50039	100.00
Memorial_de_um_passageiro_de_bonde	49895	AmaAma	BR	1938	1930	49895	100.00
Tentação	49670	AdoCam	BR	1896	1890	49670	100.00
Tentacao	49604	AdoCam	BR	1896	1890	49604	100.00
Contrastes_e_Confrontos	49112	EucCun	BR	1866	1860	49112	100.00
O_Que_Fazem_Mulheres	49039	CamCBra	PT	1858	1850	49039	100.00
Esfinge	48416	CoeNet	BR	1908	1900	48416	100.00
Arca_açoriana	48265	AlmCAnd	BR	1984	1980	48265	100.00
Contos_fantásticos	47850	TeoBra	PT	1865	1860	47850	100.00
A_capital_federal	47454	CoeNet	BR	1915	1910	47454	100.00
Poesias_de_Julio_Dinis	47219	JulDin	PT	1873	1870	47219	100.00
A_retirada_da_Laguna,_narrativa_de_campanha	46677	VisTau	BR	1874	1870	46677	100.00
Paisagens_da_China_e_do_Japão	46410	VenMor	PT	1906	1900	46410	100.00
O_cacaolista:_scenas_da_vida_do_Amazonas	46270	IngSou	BR	1899	1890	46270	100.00
O_Brasileiro_Soares	46194	LuiMag	PT	1886	1880	46194	100.00
A_cidade_maravilhosa	46024	CoeNet	BR	1928	1920	46024	100.00
O_Bom-Crioulo	45874	AdoCam	BR	1895	1890	45874	100.00
Contos	45838	JoadCam	PT	1900	1900	31587	68.91
Contos	45838	MandOPai	BR	1888	1880	14251	68.91
O_brigue_flibusteiro	45727	VirVar	BR	1904	1900	45727	100.00
O_Engeitado_(InaPSar)	45651	InaPSar	PT	1846	1840	45651	100.00
Sonetos_(MMBB)	45123	AMBB	PT	1799	1790	45123	100.00
Memórias_Biográficas	45038	AlmGar	PT	1853	1850	45038	100.00
Os_tripeiros:_Crónica_do_século_XIV	44832	AJCL	PT	1857	1850	44832	100.00
História_Alegre_de_Portugal	44798	PinCha	PT	1880	1880	44798	100.00
O_seminarista	44689	BerGui	BR	1872	1870	44689	100.00
Um_Livro	44599	CamCBra	PT	1855	1850	44599	100.00
Crónica_de_El-Rei_D._Afonso_Henriques	44456	DuaGal	PT	1505	1500	44456	100.00
mISTério@Tagus	44163	LuiMSil	PT	2020	2020	44163	100.00
Noites_de_Lamego	44155	CamCBra	PT	1872	1870	44155	100.00
Vencido	44004	FAMFM	PT	1914	1910	44004	100.00
A_luta	43987	EmiBdM	BR	1911	1910	43987	100.00
Teatro,_António_Ribeiro_Chiado	43936	AntRChi	PT	1520	1520	43936	100.00
A_ideia_da_comadre_Mónica	43807	FiaAlm	PT	1881	1880	43807	100.00
Catão	43730	AlmGar	PT	1821	1820	43730	100.00
Amar,_verbo_intransitivo	43397	MardAnd	BR	1927	1920	43397	100.00
Romanceiro	43365	CoeNet	BR	1898	1890	43365	100.00
Mana_Maria	43188	AlcMac	BR	1936	1930	21572	49.95
Mana_Maria	43188	AntAMac	BR	1936	1930	21616	49.95
O_Tupinambá	43150	SouLim	BR	1931	1930	43150	100.00
Ressurreição	42945	MacAss	BR	1872	1870	42945	100.00
No_declínio	42809	VisTau	BR	1889	1880	42809	100.00
No_Bom_Jesus_do_Monte	42748	CamCBra	PT	1864	1860	42748	100.00
O_soldado_de_Aljubarrota	42490	MatBet	PT	1857	1850	42490	100.00
Dona_Branca	42358	AlmGar	PT	1826	1820	42358	100.00
O_Pároco_de_Aldeia	42067	AleHer	PT	1851	1850	42067	100.00
A_viúva_Simões	41888	JulLAlm	BR	1895	1890	41888	100.00
A_Morte_de_D._João	41574	GueJun	PT	1874	1870	41574	100.00
A_Mão_e_a_Luva	41233	MacAss	BR	1874	1870	41233	100.00
Decameron	41160	VirCA	PT	1916	1910	41160	100.00
Vulcões_de_Lama	41076	CamCBra	PT	1886	1880	41076	100.00
A_pata_da_gazela	40717	JosdAle	BR	1870	1870	40717	100.00
Teatro,_Francisco_Sá_de_Miranda	40521	FraSMir	PT	1481	1480	40521	100.00
Pátria	40268	GueJun	PT	1896	1890	40268	100.00
Os_filhos_da_Candinha	40219	MardAnd	BR	1943	1940	40219	100.00
Minaretes	40102	VirCor	BR	1902	1900	40102	100.00
Noites_de_Sintra	39818	AlbPim	PT	1892	1890	39818	100.00
Dramas_da_corte	39800	AlbOCas	PT	1905	1900	39800	100.00
Menina_e_Moça	39716	BerRib	PT	1554	1550	39716	100.00
Claridades_do_Sul	39648	GomLea	PT	1875	1870	39648	100.00
Poesia_do_Direito	39647	TeoBra	PT	1865	1860	39647	100.00
A_Morte_do_Palhaço	39495	RauBra	PT	1926	1920	39495	100.00
Últimas_crônicas	39357	HumCam	BR	1936	1930	39357	100.00
Balas_de_estalo	39294	MacAss	BR	1883	1880	39294	100.00
Ao_Entardecer	39102	VisTau	BR	1901	1900	39102	100.00
Uma_lágrima_de_mulher	38838	AluAze	BR	1879	1870	38838	100.00
Cancioneiro_Alegre_I	38827	CamCBra	PT	1879	1870	38827	100.00
Mano	38339	CoeNet	BR	1924	1920	38339	100.00
Perfis_Biográficos	38328	CamCBra	PT	1872	1870	38328	100.00
O_Alfageme_de_Santarém	38231	AlmGar	PT	1841	1840	38231	100.00
Memorias_d'um_doido:_romance_contemporâneo	38203	APLopMen	PT	1849	1840	38203	100.00
História_do_Futuro_II	38094	AntVie	PT	1659	1650	38094	100.00
O_monstro_e_outros_contos	38075	HumCam	BR	1932	1930	38075	100.00
Poesias_TOMO_I	38020	ADCS	PT	1807	1800	38020	100.00
Poesias_TOMO_III	37954	ADCS	PT	1807	1800	37954	100.00
Às_Mulheres_Portuguesas	37844	AnaCO	PT	1905	1900	37844	100.00
Tácito_Português	37759	FraMMel	PT	1608	1600	37759	100.00
Um_segredo_de_família	37709	JulDin	PT	1860	1860	37709	100.00
Campo_de_Flores_Tomo_II	37647	JoadDeu	PT	1893	1890	37647	100.00
Tríplice_Aliança	37405	RauAze	BR	1907	1900	37405	100.00
O_Labirinto_de_Creta	37037	AJSJ	PT	1736	1730	37037	100.00
O_Garatuja	36910	JosdAle	BR	1873	1870	36910	100.00
O_dominó_preto	36712	FloEsp	PT	1927	1920	36712	100.00
Eusébio_Macário	36556	CamCBra	PT	1879	1870	36556	100.00
O_Homem_que_Sabia_Javanês_e_Outros_Contos	36472	LimBar	BR	1997	1990	36472	100.00
Lirica_de_João_Mínimo	36382	AlmGar	PT	1829	1820	36382	100.00
Serão_inquieto	36276	AntPat	PT	1910	1910	36276	100.00
Fábulas	36220	CurSem	PT	1820	1820	36220	100.00
Duas_Horas_de_Leitura	35897	CamCBra	PT	1857	1850	35897	100.00
Teatro,_Gil_Vicente	35740	GilVic	PT	1465	1460	35740	100.00
O_Pobre_de_Pedir	35653	RauBra	PT	1931	1930	35653	100.00
Coisas_da_vida	35518	AlfAss	BR	1916	1910	35518	100.00
Os_irmãos_Leme	35511	PauSet	BR	1933	1930	35511	100.00
Alma_de_mulher	35459	MarFei	PT	1917	1910	35459	100.00
Poesias_TOMO_II_(AdJ)	34939	AbaJaz	PT	1787	1780	34939	100.00
Justiça_de_Sua_Majestade	34818	JulDin	PT	1870	1870	34818	100.00
Iracema,_lenda_do_Ceará	34776	JosdAle	BR	1865	1860	34776	100.00
Diva	34272	JosdAle	BR	1864	1860	34272	100.00
A_filha_do_Cabinda	33966	AlfCam	PT	1873	1870	33966	100.00
Encarnação	33853	JosdAle	BR	1877	1870	33853	100.00
Adosinda	33537	AlmGar	PT	1828	1820	33537	100.00
Vibrações_Líricas	33296	GueJun	PT	1924	1920	33296	100.00
Epístolas_e_Sátiras	33294	AMBB	PT	1809	1800	33294	100.00
As_jóias_da_Coroa	33130	RauPom	BR	1882	1880	33130	100.00
O_frade_arrábido:_romance_histórico_do_século_XVIII	33123	OliMas	PT	1881	1880	33123	100.00
Contos_para_a_Infância	32995	GueJun	PT	1881	1880	32995	100.00
Baladilhas	32987	CoeNet	BR	1844	1840	32987	100.00
Cartas_Chilenas	32860	TomAGon	BR	1786	1780	32860	100.00
A_Morgadinha_de_Valflor	32856	PinCha	PT	1842	1840	32856	100.00
Contos_fora_da_moda	32793	ArtAze	BR	1894	1890	32793	100.00
A_senhora_viscondessa	32459	MagLim	PT	1875	1870	32459	100.00
A_educanda_de_Odivelas	32174	JulDin	PT	1860	1860	32174	100.00
Banzo	32170	CoeNet	BR	1912	1910	32170	100.00
A_Velhice_do_Padre_Eterno	32008	GueJun	PT	1885	1880	32008	100.00
A_Confissão_de_Lúcio	31569	MarScar	PT	1913	1910	31569	100.00
Uma_Eleição_Perdida	31499	CondFic	PT	1888	1880	31499	100.00
Os_papéis_do_coronel	31304	HarLau	BR	1995	1990	31304	100.00
As_obras_do_diabinho_da_mão_furada	30875	AJSJ	PT	1700	1700	30875	100.00
Alves_e_Companhia	30750	EcaQue	PT	1925	1920	30750	100.00
Marina:_romance_passional	30636	MBenPin	PT	1912	1910	30636	100.00
O_sonho_das_esmeraldas	30563	PauSet	BR	1935	1930	30563	100.00
Feitos_de_Mem_de_Sá	30474	JosAnc	PT	1560	1560	30474	100.00
Frei_Luís_de_Sousa	30160	AlmGar	PT	1843	1840	30160	100.00
Vida_e_Morte_de_Madre_Helena_da_Cruz	30130	MardCeu	PT	1658	1650	30130	100.00
Gramática_da_Linguagem_Portuguesa	29728	FerOli	PT	1536	1530	29728	100.00
Anfitrião_ou_Júpiter_e_Alcmena	29538	AJSJ	PT	1736	1730	29538	100.00
Poesia_e_Pintura	29293	ManPAlm	PT	1597	1590	29293	100.00
Um_Auto_de_Gil_Vicente	29285	AlmGar	PT	1838	1830	29285	100.00
Só_(AN)	29063	AntNob	PT	1892	1890	29063	100.00
A_ruiva	29049	FiaAlm	PT	1881	1880	29049	100.00
O_Cristão_novo	28870	DiodMac	PT	1876	1870	28870	100.00
Uma_tragédia_no_Amazonas	28588	RauPom	BR	1882	1880	28588	100.00
Hóspede	28534	ParMal	BR	1887	1880	28534	100.00
Helena_(AG)	28324	AlmGar	PT	1854	1850	28324	100.00
Um_rei_popular	28232	JulDin	PT	1858	1850	28232	100.00
A_inauguração_da_estátua_equestre	28043	JoaCCas	PT	1815	1810	28043	100.00
D._João_e_a_Máscara	27961	AntPat	PT	1924	1920	27961	100.00
Pedro,_o_Cru	27958	AntPat	PT	1913	1910	27958	100.00
Máscaras_do_destino	27889	FloEsp	PT	1931	1930	27889	100.00
Lendas_e_Narrativas_II	27845	AleHer	PT	1851	1850	27845	100.00
Judas	27749	AugLac	PT	1901	1900	27749	100.00
O_vaqueano	27717	ApoPA	BR	1872	1870	27717	100.00
Poesias_TOMO_I_(AdJ)	27681	AbaJaz	PT	1787	1780	27681	100.00
O_Japão	27476	AluAze	BR	1984	1980	27476	100.00
Obras_Completas,_Correia_Garção	27407	CorGar	PT	1724	1720	27407	100.00
Guerras_do_Alecrim_e_Manjerona	27403	AJSJ	PT	1737	1730	27403	100.00
A_Infanta_Capelista	27270	CamCBra	PT	1872	1870	27270	100.00
Marília_de_Dirceu	27172	TomAGon	BR	1792	1790	27172	100.00
O_Regente	26637	MarMes	PT	1856	1850	26637	100.00
Casa_velha	26612	MacAss	BR	1885	1880	26612	100.00
Os_franceses_no_Rio_de_Janeiro	26443	MorAze	BR	1870	1870	26443	100.00
Ubijarara	26418	JosdAle	BR	1874	1870	26418	100.00
No_País_dos_Ianques	26353	AdoCam	BR	1894	1890	26353	100.00
Precipício_de_Faetonte	26091	AJSJ	PT	1738	1730	26091	100.00
Tesouro_Poético_da_Infância	25998	AntQue	PT	1883	1880	25998	100.00
Paulo	25981	BruSea	BR	1861	1860	25981	100.00
Bons_dias	25918	MacAss	BR	1888	1880	25918	100.00
O_olho_de_vidro:_romance_histórico	25525	CamCBra	PT	1866	1860	25525	100.00
Musa_Jocosa_de_Vários_Entremezes_Portugueses_e_Castelhanos	25514	NunNSut	PT	1675	1670	25514	100.00
Odes_Modernas	25424	AntQue	PT	1865	1860	25424	100.00
Esopaida_ou_Vida_de_Esopo	25420	AJSJ	PT	1734	1730	25420	100.00
História_da_Província_de_Santa_Cruz	25378	PerMGan	PT	1502	1500	25378	100.00
Vesperal	25349	CoeNet	BR	1922	1920	25349	100.00
Um_contemporâneo_do_Infante_D._Henrique	25194	AlbPim	PT	1894	1890	25194	100.00
Comentários_da_semana	25188	MacAss	BR	1861	1860	25188	100.00
O_Dr._Luís_Sandoval	25157	AliMod	PT	1892	1890	25157	100.00
Poesias_Escolhidas	24965	MardAlo	PT	1844	1840	24965	100.00
Ao_de_leve	24749	BriCam	PT	1913	1910	24749	100.00
Canteiro_de_saudades	24716	CoeNet	BR	1927	1920	24716	100.00
Composições_Poéticas	24621	JosACun	PT	1836	1830	24621	100.00
Espumas_Flutuantes	24545	CasAlv	BR	1870	1870	24545	100.00
Vida_do_Grande_D._Quixote_de_La_Mancha_e_do_Gordo_Sancho_Panca	24335	AJSJ	PT	1733	1730	24335	100.00
Entremezes_de_Cordel	24185	JDRC	PT	1757	1750	24185	100.00
O_juramento_da_condessa_Ester	24110	FiaAlm	PT	1914	1910	24110	100.00
O_Mandarim	23998	EcaQue	PT	1880	1880	23998	100.00
cronicas_do_Dr._Semana	23973	MacAss	BR	1861	1860	23973	100.00
História_de_quinze_dias	23755	MacAss	BR	1876	1870	23755	100.00
Henriqueta	23561	MPerSou	PT	1867	1860	23561	100.00
História_da_Província_Santa_Cruz	23497	PerMGan	PT	1576	1570	23497	100.00
As_duas_cartas	23435	JulDin	PT	1857	1850	23435	100.00
As_apreensões_de_uma_mãe	23278	JulDin	PT	1870	1870	23278	100.00
O_Solar_dos_Pavões	23138	VirCA	PT	1916	1910	23138	100.00
Os_novelos_da_tia_Filomela	22757	JulDin	PT	1870	1870	22757	100.00
Vindita_braba	22752	OthGEca	BR	1923	1920	22752	100.00
cronicas_(O_Futuro)	22297	MacAss	BR	1862	1860	22297	100.00
Flores_sem_Fruto	22233	AlmGar	PT	1845	1840	22233	100.00
Prosas_Dispersas	22035	GueJun	PT	1920	1920	22035	100.00
A_Voz_do_Profeta	21892	AleHer	PT	1836	1830	21892	100.00
Os_Vilhalpandos	21855	FraSMir	PT	1595	1590	21855	100.00
Rapsódias	21748	CoeNet	BR	1891	1890	21748	100.00
A_Harpa_do_Crente	21739	AleHer	PT	1838	1830	21739	100.00
Sonetos_e_poemas	21492	AlbOli	BR	1885	1880	21492	100.00
A_Musa_em_Férias	21254	GueJun	PT	1879	1870	21254	100.00
Infelizes:_Histórias_vividas	21238	AnaCO	PT	1898	1890	21238	100.00
Diário_de_uma_criança	21235	AnaCO	PT	1908	1900	21235	100.00
Idílios	21159	AMBB	PT	1791	1790	21159	100.00
A_esmo	21049	RauAze	BR	1903	1900	21049	100.00
Noite_na_taverna	20747	AlvdAze	BR	1855	1850	20747	100.00
O_subterrâneo_do_morro_do_castelo	20535	LimBar	BR	1905	1900	20535	100.00
Os_Encantos_de_Medeia	20435	AJSJ	PT	1735	1730	20435	100.00
A_viuvinha	20368	JosdAle	BR	1857	1850	20368	100.00
O_Livro_de_Cesário_Verde	20058	CesVer	PT	1901	1900	20058	100.00
Teatro_da_Maior_Façanha,_e_Glória_Portuguesa	20029	DioFFig	PT	1642	1640	20029	100.00
Sacrificada	20011	AnaCO	PT	1908	1900	20011	100.00
As_Verdades_de_Proteu	19950	AJSJ	PT	1737	1730	19950	100.00
Orações	19948	CorGar	PT	1778	1770	19948	100.00
Agostinho_de_Ceuta	19810	CamCBra	PT	1847	1840	19810	100.00
O_alienista	19798	MacAss	BR	1882	1880	19798	100.00
Textos_sobre_Camões	19655	CamCBra	PT	1857	1850	19655	100.00
Crónica_Certa_e_muito_Verdadeira_de_Maria_da_Fonte	19636	FelCas	PT	1846	1840	19636	100.00
Sonetos	19606	AntQue	PT	1861	1860	19606	100.00
Por_bom_caminho	19522	MarONei	PT	1914	1910	19522	100.00
Notas_semanais	19454	MacAss	BR	1878	1870	19454	100.00
Ósmia,_ou_a_Lusitana	19133	MandFig	PT	1773	1770	19133	100.00
Qual_dos_dois	19012	MacAss	BR	1872	1870	19012	100.00
Sermão_da_Primeira_Dominga_do_Advento_2	18581	AntVie	PT	1655	1650	18581	100.00
Primaveras_Românticas	18053	AntQue	PT	1872	1870	18053	100.00
Questão_de_vaidade	17998	MacAss	BR	1864	1860	17998	100.00
Lisboa_no_Ano_Três_Mil	17905	CanFig	PT	1892	1890	17905	100.00
Adelaide_de_Sargans	17682	CaeASFil	BR	1870	1870	17682	100.00
Inspirações	17609	CamCBra	PT	1851	1850	17609	100.00
O_casamento_da_Condessa_de_Amieira	17291	JulDin	PT	1871	1870	17291	100.00
A_eminente_actriz	17102	FiaAlm	PT	1914	1910	17102	100.00
Alice	16882	MAVC	PT	1877	1870	16882	100.00
Teatro,_André_Brun	16839	AndBru	PT	1881	1880	16839	100.00
Elogios	16749	AMBB	PT	1805	1800	16749	100.00
O_Ermitão_da_Glória	16704	JosdAle	BR	1873	1870	16704	100.00
Cinco_Minutos	16559	JosdAle	BR	1856	1850	16559	100.00
Loucura...	16356	MarScar	PT	1912	1910	16356	100.00
Uma_flor_de_entre_o_gelo	16111	JulDin	PT	1870	1870	16111	100.00
Statira,_e_Zoroastes	15988	LucJAlv	BR	1826	1820	15988	100.00
O_Espelho_da_Marquesa	15954	GomLea	PT	1880	1880	15954	100.00
A_Morgadinha_de_Val-d'Amores	15936	CamCBra	PT	1825	1820	15936	100.00
Filipa_de_Vilhena	15898	AlmGar	PT	1846	1840	15898	100.00
O_Uraguai	15877	BasGam	BR	1769	1760	15877	100.00
Os_Vilancicos	15834	JoaMRem	PT	1923	1920	15834	100.00
Os_Estrangeiros	15753	FraSMir	PT	1595	1590	15753	100.00
As_sete_dores_de_Nossa_Senhora	15715	CoeNet	BR	1922	1920	15715	100.00
O_Gebo_e_a_Sombra	15708	RauBra	PT	1923	1920	15708	100.00
Nem_uma_nem_outra	15647	MacAss	BR	1873	1870	15647	100.00
Os_Canibais	15614	AlvCar	PT	1868	1860	15614	100.00
A_vida_por_um_prejuízo	15480	AliPes	PT	1908	1900	15480	100.00
O_Romance_da_Rainha_Mercedes	15470	AlbPim	PT	1879	1870	15470	100.00
Dramas_Alegóricos	15361	AMBB	PT	1803	1800	15361	100.00
Odes	14989	CorGar	PT	1778	1770	14989	100.00
O_Que_Eu_Vi,_o_Que_Nós_Veremos	14949	SanDum	BR	1918	1910	14949	100.00
O_anjo_Rafael	14862	MacAss	BR	1869	1860	14862	100.00
Novelas_paulistanas	14825	AlcMac	BR	1961	1960	14825	100.00
Causas_da_Decadência_dos_Povos_Peninsulares	14804	AntQue	PT	1871	1870	14804	100.00
Inocente	14728	VirCA	PT	1916	1910	14728	100.00
Odes_(MMBB)	14651	AMBB	PT	1815	1810	14651	100.00
A_engomadeira:_novela_vulgar_lisboeta	14592	AlmNeg	PT	1917	1910	14592	100.00
A_Alma_Nova	14585	GuiAze	PT	1873	1870	14585	100.00
Tragédia_Castro	14535	AntFer	PT	1587	1580	14535	100.00
Aves_migradoras	14259	FiaAlm	PT	1914	1910	14259	100.00
Mérope	14227	AlmGar	PT	1821	1820	14227	100.00
Folhas_Caídas	14226	AlmGar	PT	1853	1850	14226	100.00
Similia_similibus	14209	JulDin	PT	1858	1850	14209	100.00
A_alma_de_Lázaro	14145	JosdAle	BR	1873	1870	14145	100.00
A_pálida_estrela	14050	BulPat	PT	1864	1860	14050	100.00
Sermão_de_Santo_António	14000	AntVie	PT	1654	1650	14000	100.00
História_da_Antiguidade_da_Cidade_de_Évora	13988	AndRes	PT	1576	1570	13988	100.00
Purgatório_e_paraíso	13977	CamCBra	PT	1857	1850	13977	100.00
O_Galego	13971	AleHer	PT	1846	1840	13971	100.00
Sermao_do_Espírito_Santo	13928	AntVie	PT	1657	1650	13928	100.00
Sempre_amigos	13740	FiaAlm	PT	1881	1880	13740	100.00
Ida	13633	VirBDua	BR	1865	1860	13633	100.00
O_caminho_de_Damasco	13551	MacAss	BR	1871	1870	13551	100.00
Sermão_de_Santo_Inácio	13467	AntVie	PT	1669	1660	13467	100.00
Sermão_da_Sexagésima	13270	AntVie	PT	1655	1650	13270	100.00
Encher_tempo	13269	MacAss	BR	1876	1870	13269	100.00
Auto_Chamado_de_Filodemo	13243	LuidCam	PT	1587	1580	13243	100.00
Sermão_do_Bom_Ladrão	13011	AntVie	PT	1655	1650	13011	100.00
Os_anéis_ou_inconvenientes_de_amar_às_escuras	12980	JulDin	PT	1857	1850	12980	100.00
Badaladas	12852	MacAss	BR	1871	1870	12852	100.00
Brás,_Bexiga_e_Barra_Funda	12810	AlcMac	BR	1926	1920	12810	100.00
Sol_de_Inverno	12704	AntFei	PT	1922	1920	12704	100.00
A_última_ceia_do_Doutor_Fausto	12541	AlbPim	PT	1876	1870	12541	100.00
Tio_Simplício	12534	AlmGar	PT	1846	1840	12534	100.00
Poesias_Completas	12467	MarScar	PT	1917	1910	12467	100.00
Epístolas,_Sátiras_e_outras_composições	12337	CorGar	PT	1778	1770	12337	100.00
Sermão_de_S._Pedro	12283	AntVie	PT	1644	1640	12283	100.00
Rose-Castle	12186	VirVar	BR	1893	1890	12186	100.00
Sermão_do_Nascimento_da_Virgem_Maria	12125	AntVie	PT	1657	1650	12125	100.00
Sermao_Contra_o_Filosofismo_do_Séeculo_XIX	12056	JosAMac	PT	1811	1810	12056	100.00
Fábulas_e_Contos	11901	AlmGar	PT	1853	1850	11901	100.00
Pequeno_drama_na_aldeia	11834	FiaAlm	PT	1914	1910	11834	100.00
Astúcias_de_namorada	11656	PinCha	PT	1873	1870	11656	100.00
Sermão_do_Mandato	11527	AntVie	PT	1645	1640	11527	100.00
O_pai	11452	MacAss	BR	1866	1860	11452	100.00
As_noites_do_asceta	11382	AlbPim	PT	1876	1870	11382	100.00
Viriato	11267	MandFig	PT	1757	1750	11267	100.00
Suplício_de_uma_mulher	11190	MacAss	BR	1865	1860	11190	100.00
Um_novo_mundo	11177	GuiRCab	PT	1895	1890	11177	100.00
O_último_baile_do_sr._José_da_Cunha	11164	JulDin	PT	1857	1850	11164	100.00
Sermão_da_Terceira_Quarta-feira_da_Quaresma	10999	AntVie	PT	1669	1660	10999	100.00
e-medo	10895	LuiMSil	PT	2008	2000	10895	100.00
Como_e_porque_sou_romancista	10881	JosdAle	BR	1893	1890	10881	100.00
Versos	10869	AugGil	PT	1898	1890	10869	100.00
Justiça	10773	CamCBra	PT	1856	1850	10773	100.00
Comédia_de_Rubena	10664	GilVic	PT	1521	1520	10664	100.00
Sermão_pelo_Bom_Sucesso_das_Armas_de_Portugal_contra_as_de_Holanda	10620	AntVie	PT	1640	1640	10620	100.00
Musa_Entretenida_de_Vários_Entremezes	10610	ManCReb	PT	1625	1620	10610	100.00
O_Fidalgo_Aprendiz	10521	FraMMel	PT	1608	1600	10521	100.00
Alba_Plena	10466	AugGil	PT	1916	1910	10466	100.00
Rui_de_Leão	10384	MacAss	BR	1872	1870	10384	100.00
Espinhos_e_flores	10359	CamCBra	PT	1857	1850	10359	100.00
Sermão_da_Quarta-feira_de_Cinza	10346	AntVie	PT	1670	1670	10346	100.00
Os_heróis_de_novela	10303	FilEli	PT	1799	1790	10303	100.00
Poesias_Dispersas	10286	GueJun	PT	1884	1880	10286	100.00
Sermão_da_Primeira_Dominga_do_Advento_1	10234	AntVie	PT	1650	1650	10234	100.00
Relato_da_Mui_Notável_Perda_do_Galeão_Grande_«S._João»	10232	Anon	PT	1554	1550	10232	100.00
Sermão_dos_Bons_Anos	10232	AntVie	PT	1642	1640	10232	100.00
Sermão_da_Quinta_Dominga_da_Quaresma	10204	AntVie	PT	1654	1650	10204	100.00
O_último_dia_de_um_poeta	10178	MacAss	BR	1867	1860	10178	100.00
Lisboa_no_ano_2000	10135	MelMat	PT	1906	2000	10135	100.00
Demônios	10125	AluAze	BR	1893	1890	10125	100.00
Sermão_da_Glória_de_Maria,_Mãe_de_Deus	10079	AntVie	PT	1644	1640	10079	100.00
Falar_Verdade_a_Mentir	10069	AlmGar	PT	1845	1840	10069	100.00
A_Fome_de_Camões	9962	GomLea	PT	1880	1880	9962	100.00
Os_Simples	9957	GueJun	PT	1892	1890	9957	100.00
O_Engeitado	9907	AlbBra	PT	1888	1880	9907	100.00
Uma_por_outra	9903	MacAss	BR	1897	1890	9903	100.00
A_pianista	9818	MacAss	BR	1866	1860	9818	100.00
O_sineiro_de_Santa-Agatha	9796	FiaAlm	PT	1914	1910	9796	100.00
Valério	9693	MacAss	BR	1874	1870	9693	100.00
Lampadário_de_Cristal	9683	JerBai	PT	1750	1750	9683	100.00
Felicidade_pelo_casamento	9608	MacAss	BR	1866	1860	9608	100.00
O_Lobisomem	9503	VirCA	PT	1926	1920	9503	100.00
Aventuras_do_sr._Criptogamo_:_romance_humorístico	9454	AlfMPin	PT	1899	1890	9454	100.00
A_feiticeira	9454	AnaCO	PT	1908	1900	9454	100.00
A_noiva_do_paladino	9402	VirVar	BR	1901	1900	9402	100.00
Gupeva	9351	MFdR	BR	1861	1860	9351	100.00
Poesia_ou_dinheiro?	9351	CamCBra	PT	1855	1850	9351	100.00
O_capitão_Mendonça	9287	MacAss	BR	1870	1870	9287	100.00
D._Mônica	9256	MacAss	BR	1876	1870	9256	100.00
Carta_a_El-rei_Dom_Manuel_Sobre_o_Achamento_do_Brasil	9188	PerVCam	PT	1500	1500	9188	100.00
Quem_não_quer_ser_lobo...	9186	MacAss	BR	1872	1870	9186	100.00
Antes_que_cases	9167	MacAss	BR	1875	1870	9167	100.00
Tereza_Batista	9098	JorAma	BR	1972	1970	9098	100.00
O_imortal	9043	MacAss	BR	1882	1880	9043	100.00
Silvestre	9033	MacAss	BR	1877	1870	9033	100.00
Dívida_extinta	8978	MacAss	BR	1878	1870	8978	100.00
O_Fim	8912	AntPat	PT	1909	1900	8912	100.00
D._Benedita	8896	MacAss	BR	1882	1880	8896	100.00
Poesias_com_mote	8888	AMBB	PT	1797	1790	8888	100.00
O_programa	8845	MacAss	BR	1882	1880	8845	100.00
Tratado_das_paixões_da_alma	8801	LobAnt	PT	1990	1990	8801	100.00
Marta_Sandomil	8582	ClaCam	PT	1892	1890	8582	100.00
Miloca	8557	MacAss	BR	1874	1870	8557	100.00
O_espólio_do_senhor_Cipriano	8295	JulDin	PT	1870	1870	8295	100.00
Um_para_o_outro	8225	MacAss	BR	1879	1870	8225	100.00
Auto_de_Sao_Lourenco	8209	JosAnc	PT	1586	1580	8209	100.00
Sonetos_(CG)	8208	CorGar	PT	1778	1770	8208	100.00
Auto_dos_Anfatriões	8177	LuidCam	PT	1587	1580	8177	100.00
Elegias_e_Epicédios	8084	AMBB	PT	1802	1800	8084	100.00
A_cruz_de_fogo	8020	JosRLea	BR	1862	1860	8020	100.00
Um_melodrama_em_Santo_Tirso	8017	PinCha	PT	1873	1870	8017	100.00
Camões	7968	JoaNab	BR	1880	1880	7968	100.00
Almas_agradecidas	7964	MacAss	BR	1871	1870	7964	100.00
Um_ambicioso	7951	MacAss	BR	1877	1870	7951	100.00
A_chave	7947	MacAss	BR	1879	1870	7947	100.00
Cristo_não_volta	7856	AlbPim	PT	1873	1870	7856	100.00
Assembleia_ou_partida	7855	CorGar	PT	1778	1770	7855	100.00
Possível_e_impossível	7818	MacAss	BR	1867	1860	7818	100.00
Poesias_Anacreônticas	7788	AMBB	PT	1806	1800	7788	100.00
Missão_191208	7718	LuiMSil	PT	2008	2000	7718	100.00
A_dança_dos_ossos	7714	BerGui	BR	1871	1870	7714	100.00
A_situação_política	7705	AlfPim	PT	1918	1910	7705	100.00
Mais_Uma	7668	CondFic	PT	1888	1880	7668	100.00
O_caso_da_viúva	7665	MacAss	BR	1881	1880	7665	100.00
Uma_loureira	7654	MacAss	BR	1872	1870	7654	100.00
Muitos_anos_depois	7585	MacAss	BR	1874	1870	7585	100.00
Auto_da_História_de_Deus	7551	GilVic	PT	1527	1520	7551	100.00
Dissertações	7536	CorGar	PT	1757	1750	7536	100.00
Sem_olhos	7508	MacAss	BR	1876	1870	7508	100.00
Cantos_e_Cantatas	7493	AMBB	PT	1800	1800	7493	100.00
Farsa_ou_Auto_de_Inês_Pereira	7422	GilVic	PT	1523	1520	7422	100.00
Breve_sumário_da_história_de_Deus	7257	GilVic	PT	1528	1520	7257	100.00
Os_óculos_de_Pedro_Antão	7229	MacAss	BR	1874	1870	7229	100.00
Um_dia_de_entrudo	7194	MacAss	BR	1874	1870	7194	100.00
O_caso_do_Romualdo	7183	MacAss	BR	1884	1880	7183	100.00
Não_é_mel_para_boca_de_asno	7183	MacAss	BR	1868	1860	7183	100.00
O_anjo_das_donzelas	7171	MacAss	BR	1864	1860	7171	100.00
Entre_1892_e_1894	7144	MacAss	BR	1892	1890	7144	100.00
Contos_para_velhos	7088	OlaBil	BR	1897	1890	7088	100.00
Luar_de_Janeiro	7087	AugGil	PT	1909	1900	7087	100.00
El-Rei_Seleuco	7054	LuidCam	PT	1587	1580	7054	100.00
A_mentira_sagrada	7031	LuMRoc	PT	2011	2010	7031	100.00
Tocaia_Grande:_a_face_obscura	7013	JorAma	BR	1984	1980	7013	100.00
Coletânea_de_Obras	6984	AlvPei	BR	1769	1760	6984	100.00
Conversão_de_um_avaro	6952	MacAss	BR	1878	1870	6952	100.00
A_melhor_das_noivas	6922	MacAss	BR	1977	1970	6922	100.00
Astúcias_de_marido	6843	MacAss	BR	1866	1860	6843	100.00
Uma_excursão_milagrosa	6784	MacAss	BR	1866	1860	6784	100.00
O_que_são_as_moças	6764	MacAss	BR	1866	1860	6764	100.00
Mariana	6683	MacAss	BR	1871	1870	6683	100.00
Cinco_mulheres	6666	MacAss	BR	1865	1860	6666	100.00
Charneca_em_Flor	6618	FloEsp	PT	1930	1930	6618	100.00
Fernando_e_Fernanda	6611	MacAss	BR	1866	1860	6611	100.00
Cartas	6601	LuidCam	PT	1570	1570	6601	100.00
Apólogos_e_Adivinhações	6600	AMBB	PT	1796	1790	6600	100.00
Onda	6589	MacAss	BR	1867	1860	6589	100.00
Um_almoço	6511	MacAss	BR	1877	1870	6511	100.00
A_caverna	6499	JosSar	PT	2000	2000	6499	100.00
Clepsidra	6432	CamPes	PT	1920	1920	6432	100.00
Aquarelas	6360	MacAss	BR	1859	1850	6360	100.00
Carolina	6341	CasAbr	BR	1856	1850	6341	100.00
História_de_uma_fita_azul	6335	MacAss	BR	1875	1870	6335	100.00
Finis_Patriae	6313	GueJun	PT	1890	1890	6313	100.00
Um_quarto_de_século	6312	MacAss	BR	1893	1890	6312	100.00
Um_esqueleto	6288	MacAss	BR	1875	1870	6288	100.00
A_Trilogia_de_João_Fernandes	6265	GuiTor	PT	1885	1880	6265	100.00
Auto_da_feira	6261	GilVic	PT	1528	1520	6261	100.00
Crisfal	6242	CriFal	PT	1546	1540	6242	100.00
Uma_partida	6211	MacAss	BR	1892	1890	6211	100.00
Bagatela	6173	MacAss	BR	1859	1850	6173	100.00
Estatutos_da_Arcádia_Lusitana	6144	CorGar	PT	1756	1750	6144	100.00
Poemetos	6107	AMBB	PT	1805	1800	6107	100.00
O_país_das_quimeras	6053	MacAss	BR	1862	1860	6053	100.00
To_be_or_not_to_be	5995	MacAss	BR	1876	1870	5995	100.00
Um_filho_mais	5990	ManPor	PT	1945	1940	5990	100.00
A_vinha	5932	AnaCO	PT	1908	1900	5932	100.00
Auto_da_Barca_do_Inferno	5928	GilVic	PT	1517	1510	5928	100.00
O_rei_dos_caiporas	5875	MacAss	BR	1870	1870	5875	100.00
Comigo_(Versos_dum_Solitário)	5861	ManLar	PT	1912	1910	5861	100.00
Longe_dos_olhos	5812	MacAss	BR	1876	1870	5812	100.00
Virginius	5808	MacAss	BR	1864	1860	5808	100.00
O_ninho_de_águia	5793	FiaAlm	PT	1881	1880	5793	100.00
Francisca	5768	MacAss	BR	1867	1860	5768	100.00
A_vida_eterna	5761	MacAss	BR	1870	1870	5761	100.00
Profecias_do_Bandarra,_Sapateiro_de_Trancoso	5691	Band	PT	1540	1540	5691	100.00
A_mulher_pálida	5623	MacAss	BR	1881	1880	5623	100.00
Farsa_do_Juiz_da_Beira	5595	GilVic	PT	1525	1520	5595	100.00
O_carro_no._13	5574	MacAss	BR	1868	1860	5574	100.00
Casada_e_viúva	5559	MacAss	BR	1864	1860	5559	100.00
Jubiabá	5527	JorAma	BR	1935	1930	5527	100.00
A_gloriosa_família	5447	Pepete	AN	1997	1990	5447	100.00
Decadência_de_dois_grandes_homens	5413	MacAss	BR	1873	1870	5413	100.00
A_Catástrofe	5412	EcaQue	PT	1925	1920	5412	100.00
Casa,_não_casa	5405	MacAss	BR	1975	1970	5405	100.00
Quem_conta_um_conto	5403	MacAss	BR	1873	1870	5403	100.00
Um_Homem_superior	5399	MacAss	BR	1873	1870	5399	100.00
O_Evangelho_segundo_Jesus_Cristo	5390	JosSar	PT	1991	1990	5390	100.00
O_Doido_e_a_Morte	5389	RauBra	PT	1923	1920	5389	100.00
Sombra_de_Fumo	5302	AugGil	PT	1915	1910	5302	100.00
Um_sonho_e_outro_sonho	5294	MacAss	BR	1892	1890	5294	100.00
A_escrava	5274	MFdR	BR	1887	1880	5274	100.00
Teatro_novo	5239	CorGar	PT	1778	1770	5239	100.00
Uma_águia_sem_asas	5238	MacAss	BR	1872	1870	5238	100.00
Jovens_interessantes	5201	PauFil	BR	1865	1860	5201	100.00
Capitães_da_areia	5123	JorAma	BR	1937	1930	5123	100.00
A_província	5111	FiaAlm	PT	1914	1910	5111	100.00
Nove_noites	5094	BerCar	BR	2002	2000	5094	100.00
Severina	5048	GuiTor	PT	1890	1890	5048	100.00
Rapsódia_sem_dó_(maior)	5036	LuiMSil	PT	2008	2000	5036	100.00
A_inglesinha_Barcelos	4941	MacAss	BR	1894	1890	4941	100.00
História_de_uma_lágrima	4921	MacAss	BR	1867	1860	4921	100.00
A_maior_ponte_do_mundo	4900	DomPel	BR	2007	2000	4900	100.00
Pobre_Finoca!	4849	MacAss	BR	1891	1890	4849	100.00
Troca_de_datas	4848	MacAss	BR	1883	1880	4848	100.00
Auto_da_Barca_da_Glória	4825	GilVic	PT	1519	1510	4825	100.00
Auto_da_Barca_do_Purgatório	4820	GilVic	PT	1518	1510	4820	100.00
Livro_de_Soror_Saudade	4815	FloEsp	PT	1923	1920	4815	100.00
Livro_de_Mágoas	4815	FloEsp	PT	1919	1910	4815	100.00
Gabriela,_cravo_e_canela	4788	JorAma	BR	1958	1950	4788	100.00
O_alquimista	4733	PauCoe	BR	1992	1990	4733	100.00
O_Testamento_do_Sr._Napumoceno_da_Silva_Araújo	4727	GerAlm	CV	1991	1990	4727	100.00
Acabou-se!	4707	LuiMSil	PT	2015	2010	4707	100.00
A_mágoa_do_infeliz_Cosme	4648	MacAss	BR	1875	1870	4648	100.00
Musa_Cerula	4616	AugGil	PT	1894	1890	4616	100.00
Os_Cus_de_Judas	4602	LobAnt	PT	1979	1970	4602	100.00
O_caso_Barreto	4585	MacAss	BR	1892	1890	4585	100.00
Epigramas	4545	AMBB	PT	1807	1800	4545	100.00
Auto_de_Mofina_Mendes	4516	GilVic	PT	1534	1530	4516	100.00
O_escrivão_Coimbra	4513	MacAss	BR	1906	1900	4513	100.00
Tempo_de_crise	4489	MacAss	BR	1873	1870	4489	100.00
O_machete	4487	MacAss	BR	1878	1870	4487	100.00
O_Velho_da_Horta	4477	GilVic	PT	1512	1510	4477	100.00
Auto_da_Cananeia	4474	GilVic	PT	1534	1530	4474	100.00
Letra_vencida	4459	MacAss	BR	1882	1880	4459	100.00
Artigo_de_Sensação	4439	AliPes	PT	1902	1900	4439	100.00
Dona_Jucunda	4424	MacAss	BR	1889	1880	4424	100.00
Trina_e_una	4392	MacAss	BR	1884	1880	4392	100.00
Diana	4380	MacAss	BR	1866	1860	4380	100.00
Auto_Pastoril_Português_(GV)	4339	GilVic	PT	1523	1520	4339	100.00
O_demônio_e_a_srta._Prym	4332	PauCoe	BR	2007	2000	4332	100.00
Identidade	4313	MacAss	BR	1887	1880	4313	100.00
Brincar_com_fogo	4249	MacAss	BR	1875	1870	4249	100.00
Os_Cravos_Brancos	4241	MarONei	PT	1909	1900	4241	100.00
Coronado	4241	FiaAlm	PT	1914	1910	4241	100.00
Cartas_Fluminenses	4228	MacAss	BR	1867	1860	4228	100.00
A_chinela_turca	4163	MacAss	BR	1882	1880	4163	100.00
Auto_da_Alma	4107	GilVic	PT	1508	1500	4107	100.00
Viagem_à_roda_de_mim_mesmo	4056	MacAss	BR	1885	1880	4056	100.00
Claraboia	3961	JosSar	PT	2011	2010	3961	100.00
O_Conspirador	3947	LutCai	PT	1913	1910	3947	100.00
Entre_duas_datas	3940	MacAss	BR	1884	1880	3940	100.00
O_astrólogo	3922	MacAss	BR	1876	1870	3922	100.00
O_estranho_caso_de_Paulo_Kellermann	3868	LuiMSil	PT	2015	2010	3868	100.00
O_espelho	3837	MacAss	BR	1882	1880	3837	100.00
Cantiga_velha	3828	MacAss	BR	1883	1880	3828	100.00
A_cartomante	3795	MacAss	BR	1884	1880	3795	100.00
Ayres_e_Vergueiro	3792	MacAss	BR	1871	1870	3792	100.00
Viagem_a_Portugal	3684	JosSar	PT	1983	1980	3684	100.00
Caim	3645	JosSar	PT	2009	2000	3645	100.00
A_Maluca_da_dos_Corvos	3626	CondFic	PT	1888	1880	3626	100.00
Farsa_de_«Quem_Tem_Farelos?»	3624	GilVic	PT	1505	1500	3624	100.00
Terpsícore	3616	MacAss	BR	1886	1880	3616	100.00
Veronika_decide_morrer	3581	PauCoe	BR	2007	2000	3581	100.00
Adultério	3562	PauCoe	PT	2014	2010	3562	100.00
Canções	3561	AMBB	PT	1798	1790	3561	100.00
Só	3525	MacAss	BR	1885	1880	3525	100.00
A_hora_da_estrela	3505	ClaLis	BR	1981	1980	3505	100.00
Teoria_do_medalhão	3496	MacAss	BR	1882	1880	3496	100.00
A_viúva_Sobral	3457	MacAss	BR	1884	1880	3457	100.00
Terra_sonâmbula	3439	MiaCou	MZ	1992	1990	3439	100.00
O_Barão_e_outros_contos	3416	BraFon	PT	1942	1940	3416	100.00
O_sainete	3395	MacAss	BR	1875	1870	3395	100.00
A_Pesca_do_Sável	3385	CondFic	PT	1888	1880	3385	100.00
A_herança	3359	MacAss	BR	1878	1870	3359	100.00
O_Zahir	3352	PauCoe	BR	2005	2000	3352	100.00
Pobre_cardeal	3352	MacAss	BR	1886	1880	3352	100.00
Bufo_&_Spallanzani	3346	RubFon	BR	1985	1980	3346	100.00
O_anel_de_Polícrates	3339	MacAss	BR	1882	1880	3339	100.00
A_idéia_do_Ezequiel_Maia	3325	MacAss	BR	1883	1880	3325	100.00
A_sereníssima_república	3315	MacAss	BR	1882	1880	3315	100.00
Sales	3290	MacAss	BR	1887	1880	3290	100.00
O_segredo_do_bonzo	3279	MacAss	BR	1882	1880	3279	100.00
Auto_da_Índia	3230	GilVic	PT	1509	1500	3230	100.00
Folha_rota	3224	MacAss	BR	1878	1870	3224	100.00
Exortação_da_Guerra	3187	GilVic	PT	1513	1510	3187	100.00
O_jornal_e_o_livro	3147	MacAss	BR	1859	1850	3147	100.00
Livro_do_desassossego	3109	FerPes	PT	1982	1980	3109	100.00
Novela_e_conto	3053	AmaAma	BR	1976	1970	3053	100.00
A_invenção_do_dia_claro	3027	AlmNeg	PT	1921	1920	3027	100.00
O_Avejão	2994	RauBra	PT	1923	1920	2994	100.00
Poesias_Várias	2993	AMBB	PT	1795	1790	2993	100.00
A_Caçada_do_Malheiro	2925	CondFic	PT	1888	1880	2925	100.00
Na_arca	2739	MacAss	BR	1882	1880	2739	100.00
Um_cão_de_lata_ao_rabo	2725	MacAss	BR	1878	1870	2725	100.00
Elogio_da_vaidade	2673	MacAss	BR	1878	1870	2673	100.00
O_arroz_de_Palma	2672	FraAze	BR	2008	2000	2672	100.00
Habilidoso	2666	MacAss	BR	1885	1880	2666	100.00
Estorvo	2658	ChiBua	BR	1991	1990	2658	100.00
História_dos_Trinta_Dias	2645	MacAss	BR	1878	1870	2645	100.00
Filosofia_de_um_par_de_botas	2636	MacAss	BR	1878	1870	2636	100.00
A_caolha	2580	JulLAlm	BR	1894	1890	2580	100.00
As_Valkírias	2545	PauCoe	BR	1992	1990	2545	100.00
Diálogo_sobre_a_Ressurreição	2532	GilVic	PT	1515	1510	2532	100.00
O_oráculo	2462	MacAss	BR	1866	1860	2462	100.00
Médico_é_remédio	2458	MacAss	BR	1883	1880	2458	100.00
Gente_de_Palmo_e_Meio	2383	AugGil	PT	1913	1910	2383	100.00
O_Craveiro_da_Janela	2379	AugGil	PT	1920	1920	2379	100.00
A_última_receita	2370	MacAss	BR	1875	1870	2370	100.00
À_Ilha_da_Maré	2153	ManBOli	BR	1705	1700	2153	100.00
A_Murraca	2142	CamCBra	PT	1866	1860	2142	100.00
Flor_anônima	2066	MacAss	BR	1897	1890	2066	100.00
Auto_da_Fé	2063	GilVic	PT	1510	1510	2063	100.00
Lição_Póstuma_(EmiMel)	2056	EmiBdM	BR	1933	1930	2056	100.00
Os_confundidos	2018	OsmLin	BR	2003	2000	2018	100.00
Vidros_quebrados	2004	MacAss	BR	1883	1880	2004	100.00
Os_Cravos	1999	CondFic	PT	1888	1880	1999	100.00
Antes_da_missa	1971	MacAss	BR	1878	1870	1971	100.00
Questões_de_maridos	1935	MacAss	BR	1883	1880	1935	100.00
O_Baile_do_Judeu	1929	IngSou	BR	1893	1890	1929	100.00
Poemas_Líricos	1890	GreMat	BR	1690	1690	1890	100.00
Aos_vinte_anos	1850	AluAze	BR	1865	1860	1850	100.00
João_Fernandes	1844	MacAss	BR	1894	1890	1844	100.00
Um_incêndio	1828	MacAss	BR	1906	1900	1828	100.00
O_Marquês_de_Torres_Novas	1801	CamCBra	PT	1849	1840	1801	100.00
Como_se_inventaram_os_almanaques	1753	MacAss	BR	1890	1890	1753	100.00
Eu_Sou_um_Homem_de_Bem	1710	RauBra	PT	1923	1920	1710	100.00
Três_consequências	1660	MacAss	BR	1883	1880	1660	100.00
Poemas_Dispersos	1617	ManLar	PT	1919	1910	1617	100.00
O_Rei_Imaginário	1616	RauBra	PT	1923	1920	1616	100.00
A_carteira	1591	MacAss	BR	1884	1880	1591	100.00
O_destinado	1580	MacAss	BR	1883	1880	1580	100.00
Antes_a_rocha_Tarpéia	1547	MacAss	BR	1887	1880	1547	100.00
Campo_de_Flores_Tomo_I	1537	JoadDeu	PT	1893	1890	1537	100.00
Privilégio_e_Prólogos	1508	GilVic	PT	1537	1530	1508	100.00
O_contrato	1499	MacAss	BR	1884	1880	1499	100.00
Outros_Textos	1433	AlmGar	PT	1848	1840	1433	100.00
Calor	1423	SonCou	BR	2005	2000	1423	100.00
História_comum	1340	MacAss	BR	1883	1880	1340	100.00
O_melhor_remédio	1308	MacAss	BR	1884	1880	1308	100.00
Trovas_à_morte_de_Inês_de_Castro	1270	GarRes	PT	1516	1510	1270	100.00
A_ceia_dos_cardeais	1263	JulDan	PT	1902	1900	1263	100.00
Curta_história	1215	MacAss	BR	1886	1880	1215	100.00
Um_dístico	1116	MacAss	BR	1886	1880	1116	100.00
Poemas_Satíricos	1110	GreMat	BR	1690	1690	1110	100.00
Orai_por_ele!	1060	MacAss	BR	1895	1890	1060	100.00
A_reforma_pelo_jornal	1031	MacAss	BR	1859	1850	1031	100.00
Poemas_Religiosos	926	GreMat	BR	1690	1690	926	100.00
Três_tesouros_perdidos	887	MacAss	BR	1858	1850	887	100.00
Tourada_em_Família	849	EmiEdu	PT	1895	1890	849	100.00
Auto_da_Visitação	796	GilVic	PT	1502	1500	796	100.00
Cherchez_la_femme	782	MacAss	BR	1881	1880	782	100.00
Pausa	756	MoaScl	BR	1995	1990	756	100.00
Cancioneiro_Geral_(Prólogo)	665	GarRes	PT	1516	1510	665	100.00
As_Três_Idades	452	CanFBra	BR	1895	1890	452	100.00
O_Visconde_de_Castilho	377	MacAss	BR	1875	1870	377	100.00
O_Gondoleiro_do_Amor	235	CasAlv	BR	1870	1870	235	100.00
Ultimo_Poema	106	AlmGar	PT	1853	1850	106	100.00
