id;owner;title;ispublic;url_c;height_c;width_c
6858787104;27865228@N06;Trayvon Martin shooting protest 2012 Shankbone 19;1;https://live.staticflickr.com/6060/6858787104_9a31f1c533_c.jpg;531;800
7004845019;27865228@N06;Trayvon Martin shooting protest 2012 Shankbone 18;1;https://live.staticflickr.com/7260/7004845019_e5ef0dc61e_c.jpg;531;800
6933536727;27865228@N06;Occupy Town Square OWS NYC 2012 Shankbone 18;1;https://live.staticflickr.com/7069/6933536727_62a5574cbc_c.jpg;531;800
6933531605;27865228@N06;Occupy Town Square OWS NYC 2012 Shankbone 17;1;https://live.staticflickr.com/7051/6933531605_6164c112f2_c.jpg;531;800
6933525971;27865228@N06;Occupy Town Square OWS NYC 2012 Shankbone 16;1;https://live.staticflickr.com/7187/6933525971_b8a11ecb17_c.jpg;800;582
6933521833;27865228@N06;Occupy Town Square OWS NYC 2012 Shankbone 15;1;https://live.staticflickr.com/7196/6933521833_342a690639_c.jpg;559;800
6787403080;27865228@N06;Occupy Town Square OWS NYC 2012 Shankbone 14;1;https://live.staticflickr.com/7062/6787403080_d93dc58718_c.jpg;562;800
6933513819;27865228@N06;Occupy Town Square OWS NYC 2012 Shankbone 13;1;https://live.staticflickr.com/7065/6933513819_9880de472f_c.jpg;539;800
6787392670;27865228@N06;Occupy Town Square OWS NYC 2012 Shankbone 12;1;https://live.staticflickr.com/7205/6787392670_634421de93_c.jpg;530;800
6787388256;27865228@N06;Occupy Town Square OWS NYC 2012 Shankbone 11;1;https://live.staticflickr.com/7181/6787388256_c7264bc828_c.jpg;575;800
6787383142;27865228@N06;Occupy Town Square OWS NYC 2012 Shankbone 10;1;https://live.staticflickr.com/7187/6787383142_280d00c925_c.jpg;559;800
6787379406;27865228@N06;Occupy Town Square OWS NYC 2012 Shankbone 9;1;https://live.staticflickr.com/7068/6787379406_5cd6a9d647_c.jpg;800;620
6787376890;27865228@N06;Occupy Town Square OWS NYC 2012 Shankbone 8;1;https://live.staticflickr.com/7065/6787376890_3749eff961_c.jpg;531;800
6787371804;27865228@N06;Occupy Town Square OWS NYC 2012 Shankbone 7;1;https://live.staticflickr.com/7206/6787371804_7ca74c4d7a_c.jpg;567;800
6787366888;27865228@N06;Occupy Town Square OWS NYC 2012 Shankbone 6;1;https://live.staticflickr.com/7207/6787366888_b6f87ff675_c.jpg;531;800
6787360570;27865228@N06;Occupy Town Square OWS NYC 2012 Shankbone 5;1;https://live.staticflickr.com/7051/6787360570_2694c00d3c_c.jpg;800;632
6787357534;27865228@N06;Occupy Town Square OWS NYC 2012 Shankbone 4;1;https://live.staticflickr.com/7204/6787357534_dcbff622a8_c.jpg;531;800
6933466959;27865228@N06;Occupy Town Square OWS NYC 2012 Shankbone 3;1;https://live.staticflickr.com/7065/6933466959_542c0d2783_c.jpg;531;800
6787345156;27865228@N06;Occupy Town Square OWS NYC 2012 Shankbone 2;1;https://live.staticflickr.com/7186/6787345156_1838cfa298_c.jpg;800;524
6787341116;27865228@N06;Occupy Town Square OWS NYC 2012 Shankbone;1;https://live.staticflickr.com/7208/6787341116_3629041361_c.jpg;800;531
6787335856;27865228@N06;Jonathan Schell Occupy Town Square 2012 Shankbone 3;1;https://live.staticflickr.com/7057/6787335856_0a4940d817_c.jpg;531;800
6787330582;27865228@N06;Jonathan Schell Occupy Town Square 2012 Shankbone 2;1;https://live.staticflickr.com/7190/6787330582_d93828c2b2_c.jpg;800;612
6933443477;27865228@N06;Jonathan Schell Occupy Town Square 2012 Shankbone;1;https://live.staticflickr.com/7190/6933443477_c48bf47396_c.jpg;531;800
6348481389;27865228@N06;Day 60 Occupy Wall Street November 15 2011 Shankbone 49;1;https://live.staticflickr.com/6106/6348481389_80c5b7a727_c.jpg;586;800
6348478353;27865228@N06;Day 60 Occupy Wall Street November 15 2011 Shankbone 46;1;https://live.staticflickr.com/6101/6348478353_c51fc794da_c.jpg;531;800
6348474435;27865228@N06;Day 60 Occupy Wall Street November 15 2011 Shankbone 45;1;https://live.staticflickr.com/6240/6348474435_3b9a03161d_c.jpg;531;800
6348470469;27865228@N06;Day 60 Occupy Wall Street November 15 2011 Shankbone 44;1;https://live.staticflickr.com/6236/6348470469_9d594134a9_c.jpg;531;800
6348466829;27865228@N06;Day 60 Occupy Wall Street November 15 2011 Shankbone 39;1;https://live.staticflickr.com/6218/6348466829_38f7db48f5_c.jpg;531;800
6348462763;27865228@N06;Day 60 Occupy Wall Street November 15 2011 Shankbone 38;1;https://live.staticflickr.com/6105/6348462763_7923cac0a0_c.jpg;531;800
6349209392;27865228@N06;Day 60 Occupy Wall Street November 15 2011 Shankbone 34;1;https://live.staticflickr.com/6109/6349209392_17e83c0465_c.jpg;531;800
6349205448;27865228@N06;Day 60 Occupy Wall Street November 15 2011 Shankbone 50;1;https://live.staticflickr.com/6045/6349205448_8bfc575fec_c.jpg;531;800
6349197476;27865228@N06;Day 60 Occupy Wall Street November 15 2011 Shankbone 48;1;https://live.staticflickr.com/6037/6349197476_809e525b75_c.jpg;531;800
6349192410;27865228@N06;Day 60 Occupy Wall Street November 15 2011 Shankbone 47;1;https://live.staticflickr.com/6113/6349192410_08acb868a8_c.jpg;531;800
6348423895;27865228@N06;Day 60 Occupy Wall Street November 15 2011 Shankbone 43;1;https://live.staticflickr.com/6045/6348423895_b1655eaa59_c.jpg;591;800
6348420807;27865228@N06;Day 60 Occupy Wall Street November 15 2011 Shankbone 42;1;https://live.staticflickr.com/6113/6348420807_28c9a7fac4_c.jpg;531;800
6348416685;27865228@N06;Day 60 Occupy Wall Street November 15 2011 Shankbone 41;1;https://live.staticflickr.com/6234/6348416685_a7081c0c91_c.jpg;531;800
6348412255;27865228@N06;Day 60 Occupy Wall Street November 15 2011 Shankbone 40;1;https://live.staticflickr.com/6117/6348412255_e72d6e4188_c.jpg;531;800
6348397803;27865228@N06;Day 60 Occupy Wall Street November 15 2011 Shankbone 37;1;https://live.staticflickr.com/6232/6348397803_5323ae3d87_c.jpg;535;800
6348394085;27865228@N06;Day 60 Occupy Wall Street November 15 2011 Shankbone 36;1;https://live.staticflickr.com/6032/6348394085_58aef7367c_c.jpg;531;800
6349140878;27865228@N06;Day 60 Occupy Wall Street November 15 2011 Shankbone 35;1;https://live.staticflickr.com/6097/6349140878_c03d166b64_c.jpg;531;800
6348384013;27865228@N06;Day 60 Occupy Wall Street November 15 2011 Shankbone 33;1;https://live.staticflickr.com/6238/6348384013_6a9634af42_c.jpg;581;800
6349131154;27865228@N06;Day 60 Occupy Wall Street November 15 2011 Shankbone 32;1;https://live.staticflickr.com/6221/6349131154_ff9f74dbbc_c.jpg;568;800
6348375781;27865228@N06;Day 60 Occupy Wall Street November 15 2011 Shankbone 31;1;https://live.staticflickr.com/6096/6348375781_a5bc908f41_c.jpg;531;800
6349122078;27865228@N06;Day 60 Occupy Wall Street November 15 2011 Shankbone 30;1;https://live.staticflickr.com/6217/6349122078_2a08f3d1a3_c.jpg;531;800
6349117596;27865228@N06;Day 60 Occupy Wall Street November 15 2011 Shankbone 29;1;https://live.staticflickr.com/6117/6349117596_86f5e90209_c.jpg;531;800
6348361825;27865228@N06;Day 60 Occupy Wall Street November 15 2011 Shankbone 28;1;https://live.staticflickr.com/6093/6348361825_21164dbcf2_c.jpg;604;800
6348358573;27865228@N06;Day 60 Occupy Wall Street November 15 2011 Shankbone 27;1;https://live.staticflickr.com/6044/6348358573_c60c0b8797_c.jpg;531;800
6349104422;27865228@N06;Day 60 Occupy Wall Street November 15 2011 Shankbone 26;1;https://live.staticflickr.com/6033/6349104422_43689bc20a_c.jpg;531;800
6349099902;27865228@N06;Day 60 Occupy Wall Street November 15 2011 Shankbone 25;1;https://live.staticflickr.com/6113/6349099902_3276061319_c.jpg;531;800
6348344167;27865228@N06;Day 60 Occupy Wall Street November 15 2011 Shankbone 24;1;https://live.staticflickr.com/6056/6348344167_558dd12637_c.jpg;531;800
6348339001;27865228@N06;Day 60 Occupy Wall Street November 15 2011 Shankbone 23;1;https://live.staticflickr.com/6035/6348339001_d75c363a6d_c.jpg;531;800
6348334429;27865228@N06;Day 60 Occupy Wall Street November 15 2011 Shankbone 22;1;https://live.staticflickr.com/6091/6348334429_866e824858_c.jpg;531;800
6349080754;27865228@N06;Day 60 Occupy Wall Street November 15 2011 Shankbone 21;1;https://live.staticflickr.com/6035/6349080754_89cc32edbe_c.jpg;531;800
6348325647;27865228@N06;Day 60 Occupy Wall Street November 15 2011 Shankbone 20;1;https://live.staticflickr.com/6235/6348325647_5e56f14645_c.jpg;531;800
6349071304;27865228@N06;Day 60 Occupy Wall Street November 15 2011 Shankbone 19;1;https://live.staticflickr.com/6044/6349071304_a1439e38b0_c.jpg;531;800
6349066746;27865228@N06;Day 60 Occupy Wall Street November 15 2011 Shankbone 18;1;https://live.staticflickr.com/6231/6349066746_fb7f3fd763_c.jpg;546;800
6349064410;27865228@N06;Day 60 Occupy Wall Street November 15 2011 Shankbone 17;1;https://live.staticflickr.com/6058/6349064410_8af43e489f_c.jpg;531;800
6348309929;27865228@N06;Day 60 Occupy Wall Street November 15 2011 Shankbone 16;1;https://live.staticflickr.com/6034/6348309929_5fa0435dbc_c.jpg;531;800
6348305539;27865228@N06;Day 60 Occupy Wall Street November 15 2011 Shankbone 15;1;https://live.staticflickr.com/6043/6348305539_32c118a1f0_c.jpg;531;800
6349051478;27865228@N06;Day 60 Occupy Wall Street November 15 2011 Shankbone 14;1;https://live.staticflickr.com/6047/6349051478_0b6d31b3b3_c.jpg;531;800
6349046788;27865228@N06;Day 60 Occupy Wall Street November 15 2011 Shankbone 13;1;https://live.staticflickr.com/6222/6349046788_017c17d674_c.jpg;531;800
6349042122;27865228@N06;Day 60 Occupy Wall Street November 15 2011 Shankbone 12;1;https://live.staticflickr.com/6055/6349042122_34e22e3aec_c.jpg;531;800
6348287033;27865228@N06;Day 60 Occupy Wall Street November 15 2011 Shankbone 11;1;https://live.staticflickr.com/6235/6348287033_91987e2b8b_c.jpg;531;800
6349031968;27865228@N06;Day 60 Occupy Wall Street November 15 2011 Shankbone 10;1;https://live.staticflickr.com/6056/6349031968_9f9aedf0a9_c.jpg;531;800
6348277345;27865228@N06;Day 60 Occupy Wall Street November 15 2011 Shankbone 9;1;https://live.staticflickr.com/6056/6348277345_b4616fe662_c.jpg;606;800
6349024332;27865228@N06;Day 60 Occupy Wall Street November 15 2011 Shankbone 8;1;https://live.staticflickr.com/6045/6349024332_5646a56ca9_c.jpg;531;800
6349020378;27865228@N06;Day 60 Occupy Wall Street November 15 2011 Shankbone 7;1;https://live.staticflickr.com/6106/6349020378_73cdd6511b_c.jpg;531;800
6348266145;27865228@N06;Day 60 Occupy Wall Street November 15 2011 Shankbone 6;1;https://live.staticflickr.com/6035/6348266145_77d3861411_c.jpg;531;800
6349007684;27865228@N06;Day 60 Occupy Wall Street November 15 2011 Shankbone 4;1;https://live.staticflickr.com/6233/6349007684_4757b9019c_c.jpg;531;800
6349002704;27865228@N06;Day 60 Occupy Wall Street November 15 2011 Shankbone 3;1;https://live.staticflickr.com/6222/6349002704_b6ba2df32e_c.jpg;531;800
6348997842;27865228@N06;Day 60 Occupy Wall Street November 15 2011 Shankbone 2;1;https://live.staticflickr.com/6120/6348997842_05b16d7b9c_c.jpg;590;800
6348245031;27865228@N06;Day 60 Occupy Wall Street November 15 2011 Shankbone;1;https://live.staticflickr.com/6048/6348245031_7a953887e6_c.jpg;564;800
6327298939;27865228@N06;David Crosby Graham Nash Occupy Wall Street 2011 Shankbone 5;1;https://live.staticflickr.com/6042/6327298939_e1f1477eb1_c.jpg;531;800
6328046090;27865228@N06;David Crosby Graham Nash Occupy Wall Street 2011 Shankbone 4;1;https://live.staticflickr.com/6039/6328046090_84114642c3_c.jpg;555;800
6327294203;27865228@N06;David Crosby Graham Nash Occupy Wall Street 2011 Shankbone 3;1;https://live.staticflickr.com/6041/6327294203_0930633bda_c.jpg;573;800
6327292711;27865228@N06;David Crosby Occupy Wall Street 2011 Shankbone;1;https://live.staticflickr.com/6042/6327292711_c50df39186_c.jpg;660;800
6327292017;27865228@N06;David Crosby Graham Nash Occupy Wall Street 2011 Shankbone 2;1;https://live.staticflickr.com/6220/6327292017_b05da7df43_c.jpg;590;800
6328040628;27865228@N06;David Crosby Graham Nash Occupy Wall Street 2011 Shankbone;1;https://live.staticflickr.com/6114/6328040628_4b0deac1f8_c.jpg;583;800
6324383253;27865228@N06;Lynn Nottage Occupy Wall Street 2011 Shankbone 4;1;https://live.staticflickr.com/6230/6324383253_fe1900be9e_c.jpg;598;800
6325122662;27865228@N06;Egan Nottage Lethem OWS 2011 Shankbone 2;1;https://live.staticflickr.com/6230/6325122662_5eb630e129_c.jpg;592;800
6325118852;27865228@N06;Jennifer Egan Occupy Wall Street 2011 Shankbone;1;https://live.staticflickr.com/6111/6325118852_23dd278cd6_c.jpg;800;586
6325118290;27865228@N06;Lynn Nottage Occupy Wall Street 2011 Shankbone 3;1;https://live.staticflickr.com/6218/6325118290_51328b5f96_c.jpg;800;578
6325116728;27865228@N06;Jonathan Lethem Occupy Wall Street 2011 Shankbone 2;1;https://live.staticflickr.com/6227/6325116728_9a4b2de5a4_c.jpg;600;800
6325114578;27865228@N06;Lynn Nottage Occupy Wall Street 2011 Shankbone 2;1;https://live.staticflickr.com/6049/6325114578_ddb18da103_c.jpg;800;567
6325113656;27865228@N06;Lynn Nottage Occupy Wall Street 2011 Shankbone;1;https://live.staticflickr.com/6037/6325113656_e37cb47f88_c.jpg;800;584
6324358893;27865228@N06;Egan Nottage Lethem OWS 2011 Shankbone;1;https://live.staticflickr.com/6102/6324358893_14d50d9d0b_c.jpg;531;800
6324353875;27865228@N06;Lethem Egan Nottage OWS 2011 Shankbone;1;https://live.staticflickr.com/6215/6324353875_b2c79acc2b_c.jpg;531;800
6325103646;27865228@N06;Jonathan Lethem Occupy Wall Street 2011 Shankbone;1;https://live.staticflickr.com/6219/6325103646_605ea07e95_c.jpg;648;800
6324346927;27865228@N06;Lynn Nottage Occupy Wall Street November 7 2011 Shankbone;1;https://live.staticflickr.com/6106/6324346927_22662125c8_c.jpg;580;800
6308021988;27865228@N06;Day 47 Occupy Wall Street November 2 2011 Shankbone 18;1;https://live.staticflickr.com/6116/6308021988_7131fd4c3c_c.jpg;555;800
6307476249;27865228@N06;Day 47 Occupy Wall Street November 2 2011 Shankbone 31;1;https://live.staticflickr.com/6039/6307476249_cb28fc337a_c.jpg;531;800
6307992588;27865228@N06;Day 47 Occupy Wall Street November 2 2011 Shankbone 30;1;https://live.staticflickr.com/6219/6307992588_401a1efcbc_c.jpg;531;800
6307466597;27865228@N06;Day 47 Occupy Wall Street November 2 2011 Shankbone 29;1;https://live.staticflickr.com/6107/6307466597_f19358da8b_c.jpg;543;800
6307985654;27865228@N06;Day 47 Occupy Wall Street November 2 2011 Shankbone 28;1;https://live.staticflickr.com/6233/6307985654_83df254044_c.jpg;531;800
6307459499;27865228@N06;Day 47 Occupy Wall Street November 2 2011 Shankbone 27;1;https://live.staticflickr.com/6119/6307459499_285f26495e_c.jpg;573;800
6307456611;27865228@N06;Day 47 Occupy Wall Street November 2 2011 Shankbone 26;1;https://live.staticflickr.com/6049/6307456611_6b3c55aaab_c.jpg;531;800
6307452067;27865228@N06;Day 47 Occupy Wall Street November 2 2011 Shankbone 25;1;https://live.staticflickr.com/6059/6307452067_9e4d65a6d5_c.jpg;595;800
6307969696;27865228@N06;Day 47 Occupy Wall Street November 2 2011 Shankbone 24;1;https://live.staticflickr.com/6049/6307969696_1706394dbc_c.jpg;571;800
6307445375;27865228@N06;Day 47 Occupy Wall Street November 2 2011 Shankbone 23;1;https://live.staticflickr.com/6106/6307445375_bc30beb1a2_c.jpg;531;800
6307962366;27865228@N06;Day 47 Occupy Wall Street November 2 2011 Shankbone 22;1;https://live.staticflickr.com/6108/6307962366_45c9f6a45b_c.jpg;546;800
6307962366;27865228@N06;Day 47 Occupy Wall Street November 2 2011 Shankbone 22;1;https://live.staticflickr.com/6108/6307962366_45c9f6a45b_c.jpg;546;800
6307959558;27865228@N06;Day 47 Occupy Wall Street November 2 2011 Shankbone 21;1;https://live.staticflickr.com/6218/6307959558_3872746124_c.jpg;800;551
6307436041;27865228@N06;Day 47 Occupy Wall Street November 2 2011 Shankbone 20;1;https://live.staticflickr.com/6103/6307436041_96a5698067_c.jpg;568;800
6307954086;27865228@N06;Day 47 Occupy Wall Street November 2 2011 Shankbone 19;1;https://live.staticflickr.com/6060/6307954086_57b4079e0a_c.jpg;800;618
6307942952;27865228@N06;Day 47 Occupy Wall Street November 2 2011 Shankbone 17;1;https://live.staticflickr.com/6044/6307942952_acac636858_c.jpg;800;581
6307417561;27865228@N06;Day 47 Occupy Wall Street November 2 2011 Shankbone 16;1;https://live.staticflickr.com/6114/6307417561_a1a8656d03_c.jpg;800;602
6307937894;27865228@N06;Day 47 Occupy Wall Street November 2 2011 Shankbone 15;1;https://live.staticflickr.com/6118/6307937894_c26b02581c_c.jpg;613;800
6307930356;27865228@N06;Day 47 Occupy Wall Street November 2 2011 Shankbone 14;1;https://live.staticflickr.com/6103/6307930356_f29bc78520_c.jpg;613;800
6307400153;27865228@N06;Day 47 Occupy Wall Street November 2 2011 Shankbone 13;1;https://live.staticflickr.com/6094/6307400153_872d4686e4_c.jpg;531;800
6307912778;27865228@N06;Day 47 Occupy Wall Street November 2 2011 Shankbone 12;1;https://live.staticflickr.com/6221/6307912778_91c9c5a9b2_c.jpg;546;800
6307386579;27865228@N06;Day 47 Occupy Wall Street November 2 2011 Shankbone 11;1;https://live.staticflickr.com/6103/6307386579_227e1454b3_c.jpg;531;800
6307377539;27865228@N06;Day 47 Occupy Wall Street November 2 2011 Shankbone 10;1;https://live.staticflickr.com/6117/6307377539_5f8300f9ca_c.jpg;531;800
6307368181;27865228@N06;Day 47 Occupy Wall Street November 2 2011 Shankbone 9;1;https://live.staticflickr.com/6054/6307368181_0d72d98590_c.jpg;608;800
6307363383;27865228@N06;Day 47 Occupy Wall Street November 2 2011 Shankbone 8;1;https://live.staticflickr.com/6056/6307363383_e80368e8a9_c.jpg;531;800
6307345309;27865228@N06;Day 47 Occupy Wall Street November 2 2011 Shankbone 7;1;https://live.staticflickr.com/6222/6307345309_b88b844561_c.jpg;531;800
6307849380;27865228@N06;Day 47 Occupy Wall Street November 2 2011 Shankbone 6;1;https://live.staticflickr.com/6103/6307849380_0c7e58cb54_c.jpg;595;800
6307833454;27865228@N06;Day 47 Occupy Wall Street November 2 2011 Shankbone 5;1;https://live.staticflickr.com/6036/6307833454_e752d9846d_c.jpg;531;800
6307825954;27865228@N06;Day 47 Occupy Wall Street November 2 2011 Shankbone 4;1;https://live.staticflickr.com/6092/6307825954_d7311854ee_c.jpg;584;800
6307300229;27865228@N06;Day 47 Occupy Wall Street November 2 2011 Shankbone 3;1;https://live.staticflickr.com/6096/6307300229_35546ae6b5_c.jpg;606;800
6307818458;27865228@N06;Day 47 Occupy Wall Street November 2 2011 Shankbone 2;1;https://live.staticflickr.com/6116/6307818458_238ecedc36_c.jpg;572;800
6307294205;27865228@N06;Day 47 Occupy Wall Street November 2 2011 Shankbone;1;https://live.staticflickr.com/6094/6307294205_f82282910b_c.jpg;531;800
6282330226;27865228@N06;Day 40 Occupy Wall Street October 25 2011 Shankbone 9;1;https://live.staticflickr.com/6226/6282330226_8808f90b5a_c.jpg;800;524
6281803109;27865228@N06;Day 40 Occupy Wall Street October 25 2011 Shankbone 7;1;https://live.staticflickr.com/6040/6281803109_2d2cc97128_c.jpg;597;800
6282315850;27865228@N06;Day 40 Occupy Wall Street October 25 2011 Shankbone 5;1;https://live.staticflickr.com/6034/6282315850_18d5f60b4a_c.jpg;800;578
6281798081;27865228@N06;Day 40 Occupy Wall Street October 25 2011 Shankbone 4;1;https://live.staticflickr.com/6041/6281798081_5cddc80108_c.jpg;800;546
6282310952;27865228@N06;Day 40 Occupy Wall Street October 25 2011 Shankbone 3;1;https://live.staticflickr.com/6046/6282310952_05518893f2_c.jpg;800;531
6282307058;27865228@N06;Day 40 Occupy Wall Street October 25 2011 Shankbone 2;1;https://live.staticflickr.com/6110/6282307058_eb16d53ea3_c.jpg;531;800
6281786679;27865228@N06;Day 40 Occupy Wall Street October 25 2011 Shankbone;1;https://live.staticflickr.com/6234/6281786679_f622d04b23_c.jpg;592;800
6268527590;27865228@N06;Day 36 Occupy Wall Street October 21 2011 Shankbone 40;1;https://live.staticflickr.com/6168/6268527590_2a0f0571d7_c.jpg;800;640
6268000101;27865228@N06;Day 36 Occupy Wall Street October 21 2011 Shankbone 37;1;https://live.staticflickr.com/6033/6268000101_1758d7828b_c.jpg;595;800
6268521758;27865228@N06;Day 36 Occupy Wall Street October 22 2011 Shankbone 21;1;https://live.staticflickr.com/6219/6268521758_492959a368_c.jpg;531;800
6267992843;27865228@N06;Day 36 Occupy Wall Street October 21 2011 Shankbone 16;1;https://live.staticflickr.com/6043/6267992843_948f709728_c.jpg;800;531
6267988105;27865228@N06;Day 36 Occupy Wall Street October 21 2011 Shankbone 9;1;https://live.staticflickr.com/6052/6267988105_688a92bc03_c.jpg;622;800
6267970463;27865228@N06;Day 36 Occupy Wall Street October 21 2011 Shankbone 53;1;https://live.staticflickr.com/6058/6267970463_d1dd24c8ae_c.jpg;531;800
6267965763;27865228@N06;Day 36 Occupy Wall Street October 21 2011 Shankbone 52;1;https://live.staticflickr.com/6094/6267965763_518ce49104_c.jpg;800;579
6267961681;27865228@N06;Day 36 Occupy Wall Street October 21 2011 Shankbone 51;1;https://live.staticflickr.com/6175/6267961681_0f49fa706b_c.jpg;640;800
6268483740;27865228@N06;Day 36 Occupy Wall Street October 21 2011 Shankbone 50;1;https://live.staticflickr.com/6159/6268483740_ee64064131_c.jpg;640;800
6267954601;27865228@N06;Day 36 Occupy Wall Street October 21 2011 Shankbone 49;1;https://live.staticflickr.com/6168/6267954601_20dc3db973_c.jpg;640;800
6267951795;27865228@N06;Day 36 Occupy Wall Street October 21 2011 Shankbone 48;1;https://live.staticflickr.com/6229/6267951795_2b684f3e4b_c.jpg;595;800
6268472206;27865228@N06;Day 36 Occupy Wall Street October 21 2011 Shankbone 47;1;https://live.staticflickr.com/6106/6268472206_a1d6e872e8_c.jpg;616;800
6268466732;27865228@N06;Day 36 Occupy Wall Street October 21 2011 Shankbone 46;1;https://live.staticflickr.com/6050/6268466732_ae27bc5368_c.jpg;640;800
6268462956;27865228@N06;Day 36 Occupy Wall Street October 21 2011 Shankbone 45;1;https://live.staticflickr.com/6108/6268462956_084de47085_c.jpg;566;800
6267929671;27865228@N06;Day 36 Occupy Wall Street October 21 2011 Shankbone 44;1;https://live.staticflickr.com/6173/6267929671_6c9ae3b70a_c.jpg;640;800
6267927397;27865228@N06;Day 36 Occupy Wall Street October 21 2011 Shankbone 43;1;https://live.staticflickr.com/6103/6267927397_bf17205fc6_c.jpg;640;800
6268449056;27865228@N06;Day 36 Occupy Wall Street October 21 2011 Shankbone 42;1;https://live.staticflickr.com/6047/6268449056_71d5bc0986_c.jpg;800;613
6267921801;27865228@N06;Day 36 Occupy Wall Street October 21 2011 Shankbone 41;1;https://live.staticflickr.com/6160/6267921801_d54d398fbe_c.jpg;800;640
6267918285;27865228@N06;Day 36 Occupy Wall Street October 21 2011 Shankbone 39;1;https://live.staticflickr.com/6115/6267918285_00889627e3_c.jpg;575;800
6267916621;27865228@N06;Day 36 Occupy Wall Street October 21 2011 Shankbone 38;1;https://live.staticflickr.com/6177/6267916621_7304675653_c.jpg;531;800
6267910711;27865228@N06;Day 36 Occupy Wall Street October 21 2011 Shankbone 36;1;https://live.staticflickr.com/6159/6267910711_cf0b35913a_c.jpg;531;800
6268430736;27865228@N06;Day 36 Occupy Wall Street October 21 2011 Shankbone 35;1;https://live.staticflickr.com/6225/6268430736_1d4b1b6c44_c.jpg;531;800
6267899577;27865228@N06;Day 36 Occupy Wall Street October 21 2011 Shankbone 34;1;https://live.staticflickr.com/6108/6267899577_e2ec42e47a_c.jpg;640;800
6267896239;27865228@N06;Day 36 Occupy Wall Street October 21 2011 Shankbone 33;1;https://live.staticflickr.com/6107/6267896239_6e3b7bd60c_c.jpg;581;800
6267889393;27865228@N06;Day 36 Occupy Wall Street October 21 2011 Shankbone 31;1;https://live.staticflickr.com/6228/6267889393_16b5057dee_c.jpg;609;800
6268409272;27865228@N06;Day 36 Occupy Wall Street October 21 2011 Shankbone 30;1;https://live.staticflickr.com/6111/6268409272_858defc683_c.jpg;640;800
6268406254;27865228@N06;Day 36 Occupy Wall Street October 21 2011 Shankbone 29;1;https://live.staticflickr.com/6173/6268406254_5b23a3928b_c.jpg;640;800
6267878241;27865228@N06;Day 36 Occupy Wall Street October 21 2011 Shankbone 28;1;https://live.staticflickr.com/6092/6267878241_abdb798e60_c.jpg;640;800
6267875893;27865228@N06;Day 36 Occupy Wall Street October 21 2011 Shankbone 27;1;https://live.staticflickr.com/6108/6267875893_d984904108_c.jpg;531;800
6267871599;27865228@N06;Day 36 Occupy Wall Street October 21 2011 Shankbone 26;1;https://live.staticflickr.com/6227/6267871599_508e3abc62_c.jpg;800;531
6267863117;27865228@N06;Day 36 Occupy Wall Street October 21 2011 Shankbone 25;1;https://live.staticflickr.com/6116/6267863117_bd5f4112fc_c.jpg;531;800
6267859017;27865228@N06;Day 36 Occupy Wall Street October 21 2011 Shankbone 24;1;https://live.staticflickr.com/6170/6267859017_7062cc1165_c.jpg;531;800
6268380244;27865228@N06;Day 36 Occupy Wall Street October 21 2011 Shankbone 23;1;https://live.staticflickr.com/6111/6268380244_25c2968767_c.jpg;640;800
6268377084;27865228@N06;Day 36 Occupy Wall Street October 21 2011 Shankbone 22;1;https://live.staticflickr.com/6167/6268377084_8d8fa6ec3f_c.jpg;617;800
6267849341;27865228@N06;Day 36 Occupy Wall Street October 21 2011 Shankbone 21;1;https://live.staticflickr.com/6036/6267849341_31b652151a_c.jpg;640;800
6268370228;27865228@N06;Day 36 Occupy Wall Street October 21 2011 Shankbone 20;1;https://live.staticflickr.com/6111/6268370228_379f767100_c.jpg;800;640
6268368494;27865228@N06;Day 36 Occupy Wall Street October 21 2011 Shankbone 19;1;https://live.staticflickr.com/6240/6268368494_309f064823_c.jpg;800;565
6267841009;27865228@N06;Day 36 Occupy Wall Street October 21 2011 Shankbone 18;1;https://live.staticflickr.com/6180/6267841009_f1f7abc431_c.jpg;565;800
6267838995;27865228@N06;Day 36 Occupy Wall Street October 21 2011 Shankbone 17;1;https://live.staticflickr.com/6116/6267838995_0107f32fab_c.jpg;531;800
6267832215;27865228@N06;Day 36 Occupy Wall Street October 21 2011 Shankbone 15;1;https://live.staticflickr.com/6180/6267832215_3e6ce0e8b9_c.jpg;531;800
6267828115;27865228@N06;Day 36 Occupy Wall Street October 21 2011 Shankbone 14;1;https://live.staticflickr.com/6157/6267828115_35151b2552_c.jpg;531;800
6268348414;27865228@N06;Day 36 Occupy Wall Street October 21 2011 Shankbone 13;1;https://live.staticflickr.com/6053/6268348414_5c60084bfc_c.jpg;800;549
6267821975;27865228@N06;Day 36 Occupy Wall Street October 21 2011 Shankbone 12;1;https://live.staticflickr.com/6239/6267821975_fe39f64b0d_c.jpg;640;800
6268343138;27865228@N06;Day 36 Occupy Wall Street October 21 2011 Shankbone 11;1;https://live.staticflickr.com/6045/6268343138_b48577b63a_c.jpg;640;800
6267817145;27865228@N06;Day 36 Occupy Wall Street October 21 2011 Shankbone 10;1;https://live.staticflickr.com/6113/6267817145_48f35f5dd0_c.jpg;585;800
6268333492;27865228@N06;Day 36 Occupy Wall Street October 21 2011 Shankbone 8;1;https://live.staticflickr.com/6211/6268333492_035b3b42f8_c.jpg;800;640
6267807745;27865228@N06;Day 36 Occupy Wall Street October 21 2011 Shankbone 7;1;https://live.staticflickr.com/6232/6267807745_912bb89cb8_c.jpg;531;800
6268328842;27865228@N06;Day 36 Occupy Wall Street October 21 2011 Shankbone 6;1;https://live.staticflickr.com/6045/6268328842_af3ea331f8_c.jpg;800;640
6268326886;27865228@N06;Day 36 Occupy Wall Street October 21 2011 Shankbone 5;1;https://live.staticflickr.com/6235/6268326886_0c006e22a0_c.jpg;622;800
6268324868;27865228@N06;Day 36 Occupy Wall Street October 21 2011 Shankbone 4;1;https://live.staticflickr.com/6211/6268324868_0ae7317fed_c.jpg;640;800
6268322732;27865228@N06;Day 36 Occupy Wall Street October 21 2011 Shankbone 3;1;https://live.staticflickr.com/6167/6268322732_69cc3e1e90_c.jpg;640;800
6268320314;27865228@N06;Day 36 Occupy Wall Street October 21 2011 Shankbone 2;1;https://live.staticflickr.com/6218/6268320314_8bccacb1fa_c.jpg;640;800
6267795257;27865228@N06;Day 36 Occupy Wall Street October 21 2011 Shankbone;1;https://live.staticflickr.com/6158/6267795257_deac2f9187_c.jpg;531;800
6260658808;8176740@N05;Occupy LSX 20;1;https://live.staticflickr.com/6104/6260658808_2a79d48868_c.jpg;800;530
6260131159;8176740@N05;Occupy LSX 19;1;https://live.staticflickr.com/6046/6260131159_b629fed999_c.jpg;530;800
6260130183;8176740@N05;Occupy LSX 18;1;https://live.staticflickr.com/6119/6260130183_98e738f766_c.jpg;800;530
6260654466;8176740@N05;Occupy LSX 17;1;https://live.staticflickr.com/6048/6260654466_a9dcaeb886_c.jpg;800;530
6260126931;8176740@N05;Occupy LSX 16;1;https://live.staticflickr.com/6240/6260126931_d59bdc8ac4_c.jpg;800;530
6260651548;8176740@N05;Occupy LSX 15;1;https://live.staticflickr.com/6109/6260651548_c878d6d7c0_c.jpg;530;800
6260650730;8176740@N05;Occupy LSX 14;1;https://live.staticflickr.com/6092/6260650730_7ba9e057de_c.jpg;530;800
6260123785;8176740@N05;Occupy LSX 13;1;https://live.staticflickr.com/6108/6260123785_1612f6d9e7_c.jpg;530;800
6260122845;8176740@N05;Occupy LSX 12;1;https://live.staticflickr.com/6056/6260122845_5399defe43_c.jpg;530;800
6260646884;8176740@N05;Occupy LSX 11;1;https://live.staticflickr.com/6104/6260646884_04c467c998_c.jpg;530;800
6260120281;8176740@N05;Occupy LSX 10;1;https://live.staticflickr.com/6218/6260120281_c86d47f3ec_c.jpg;530;800
6260119325;8176740@N05;Occupy LSX 09;1;https://live.staticflickr.com/6091/6260119325_855e833476_c.jpg;530;800
6260644074;8176740@N05;Occupy LSX 08;1;https://live.staticflickr.com/6036/6260644074_945d343022_c.jpg;530;800
6260643076;8176740@N05;Occupy LSX 07;1;https://live.staticflickr.com/6108/6260643076_7c638d6e49_c.jpg;530;800
6260116143;8176740@N05;Occupy LSX 06;1;https://live.staticflickr.com/6175/6260116143_5fd79fa45c_c.jpg;530;800
6260114997;8176740@N05;Occupy LSX 05;1;https://live.staticflickr.com/6047/6260114997_66fec080aa_c.jpg;530;800
6260639760;8176740@N05;Occupy LSX 04;1;https://live.staticflickr.com/6170/6260639760_6a1ba91541_c.jpg;530;800
6260112269;8176740@N05;Occupy LSX 03;1;https://live.staticflickr.com/6095/6260112269_74be004803_c.jpg;530;800
6260636594;8176740@N05;Occupy LSX 02;1;https://live.staticflickr.com/6094/6260636594_3021cca7b1_c.jpg;530;800
6251738274;27865228@N06;Day 31 Occupy Wall Street October 16 2011 Shankbone 6;1;https://live.staticflickr.com/6159/6251738274_a69f85fc29_c.jpg;640;800
6251733788;27865228@N06;Day 31 Occupy Wall Street October 16 2011 Shankbone 5;1;https://live.staticflickr.com/6222/6251733788_7146ba3aa8_c.jpg;570;800
6251728020;27865228@N06;Day 31 Occupy Wall Street October 16 2011 Shankbone 4;1;https://live.staticflickr.com/6177/6251728020_77d18b4623_c.jpg;800;635
6251196079;27865228@N06;Day 31 Occupy Wall Street October 16 2011 Shankbone 3;1;https://live.staticflickr.com/6051/6251196079_ea65569b70_c.jpg;531;800
6251717896;27865228@N06;Day 31 Occupy Wall Street October 16 2011 Shankbone 2;1;https://live.staticflickr.com/6115/6251717896_40d2f83965_c.jpg;800;531
6251184451;27865228@N06;Day 31 Occupy Wall Street October 16 2011 Shankbone;1;https://live.staticflickr.com/6177/6251184451_57af54307d_c.jpg;604;800
6220066017;27865228@N06;Day 21 Occupy Wall Street October 6 2011 Shankbone 37;1;https://live.staticflickr.com/6115/6220066017_c637d5b71a_c.jpg;531;800
6220575282;27865228@N06;Day 21 Occupy Wall Street October 6 2011 Shankbone 11;1;https://live.staticflickr.com/6239/6220575282_729fc3f067_c.jpg;531;800
6220568446;27865228@N06;Day 21 Occupy Wall Street October 6 2011 Shankbone 43;1;https://live.staticflickr.com/6055/6220568446_4187685410_c.jpg;610;800
6220563338;27865228@N06;Day 21 Occupy Wall Street October 6 2011 Shankbone 42;1;https://live.staticflickr.com/6180/6220563338_a641014c5e_c.jpg;608;800
6220559828;27865228@N06;Day 21 Occupy Wall Street October 6 2011 Shankbone 41;1;https://live.staticflickr.com/6104/6220559828_12f5c0d3fd_c.jpg;531;800
6220034241;27865228@N06;Day 21 Occupy Wall Street October 6 2011 Shankbone 40;1;https://live.staticflickr.com/6094/6220034241_5ee51af687_c.jpg;531;800
6220551908;27865228@N06;Day 21 Occupy Wall Street October 6 2011 Shankbone 39;1;https://live.staticflickr.com/6034/6220551908_f59bc33587_c.jpg;531;800
6220026607;27865228@N06;Day 21 Occupy Wall Street October 6 2011 Shankbone 38;1;https://live.staticflickr.com/6159/6220026607_a2d5600cde_c.jpg;593;800
6220016453;27865228@N06;Day 21 Occupy Wall Street October 6 2011 Shankbone 35;1;https://live.staticflickr.com/6118/6220016453_c0dbf038a6_c.jpg;800;606
6220015227;27865228@N06;Day 21 Occupy Wall Street October 6 2011 Shankbone 34;1;https://live.staticflickr.com/6227/6220015227_6ecb3640b3_c.jpg;641;800
6220014401;27865228@N06;Day 21 Occupy Wall Street October 6 2011 Shankbone 33;1;https://live.staticflickr.com/6234/6220014401_e8b8de33a1_c.jpg;638;800
6220532284;27865228@N06;Day 21 Occupy Wall Street October 6 2011 Shankbone 32;1;https://live.staticflickr.com/6216/6220532284_d55798715f_c.jpg;800;714
6220006085;27865228@N06;Naomi Klein Occupy Wall Street 2011 Shankbone 3;1;https://live.staticflickr.com/6214/6220006085_027497bd82_c.jpg;598;800
6220523820;27865228@N06;Day 21 Occupy Wall Street October 6 2011 Shankbone 31;1;https://live.staticflickr.com/6177/6220523820_11d828ae2c_c.jpg;611;800
6219998707;27865228@N06;Day 21 Occupy Wall Street October 6 2011 Shankbone 30;1;https://live.staticflickr.com/6158/6219998707_014e399f30_c.jpg;567;800
6219993833;27865228@N06;Day 21 Occupy Wall Street October 6 2011 Shankbone 29;1;https://live.staticflickr.com/6120/6219993833_3c09265e56_c.jpg;644;800
6220511750;27865228@N06;Day 21 Occupy Wall Street October 6 2011 Shankbone 28;1;https://live.staticflickr.com/6174/6220511750_c35cb122ff_c.jpg;611;800
6219986703;27865228@N06;Day 21 Occupy Wall Street October 6 2011 Shankbone 27;1;https://live.staticflickr.com/6155/6219986703_1f350cfa29_c.jpg;639;800
6220503640;27865228@N06;Day 21 Occupy Wall Street October 6 2011 Shankbone 26;1;https://live.staticflickr.com/6115/6220503640_f8545e6f9b_c.jpg;598;800
6220496206;27865228@N06;Day 21 Occupy Wall Street October 6 2011 Shankbone 24;1;https://live.staticflickr.com/6167/6220496206_e5a13d89b4_c.jpg;800;613
6219970387;27865228@N06;Day 21 Occupy Wall Street October 6 2011 Shankbone 23;1;https://live.staticflickr.com/6236/6219970387_97226a2cae_c.jpg;531;800
6219964393;27865228@N06;Day 21 Occupy Wall Street October 6 2011 Shankbone 22;1;https://live.staticflickr.com/6172/6219964393_1289060ca5_c.jpg;630;800
6219960891;27865228@N06;Day 21 Occupy Wall Street October 6 2011 Shankbone 21;1;https://live.staticflickr.com/6166/6219960891_ecc621877f_c.jpg;531;800
6219956501;27865228@N06;Day 21 Occupy Wall Street October 6 2011 Shankbone 20;1;https://live.staticflickr.com/6159/6219956501_f6356c3002_c.jpg;620;800
6220476570;27865228@N06;Day 21 Occupy Wall Street October 6 2011 Shankbone 19;1;https://live.staticflickr.com/6057/6220476570_a42be5ae37_c.jpg;545;800
6219951969;27865228@N06;Day 21 Occupy Wall Street October 6 2011 Shankbone 18;1;https://live.staticflickr.com/6166/6219951969_92363e2938_c.jpg;531;800
6220468652;27865228@N06;Day 21 Occupy Wall Street October 6 2011 Shankbone 17;1;https://live.staticflickr.com/6047/6220468652_755cfdbe1a_c.jpg;600;800
6219944289;27865228@N06;Day 21 Occupy Wall Street October 6 2011 Shankbone 16;1;https://live.staticflickr.com/6050/6219944289_a937854ef9_c.jpg;557;800
6219940029;27865228@N06;Day 21 Occupy Wall Street October 6 2011 Shankbone 15;1;https://live.staticflickr.com/6232/6219940029_cd474085ae_c.jpg;608;800
6220455844;27865228@N06;Day 21 Occupy Wall Street October 6 2011 Shankbone 14;1;https://live.staticflickr.com/6038/6220455844_7093c7634e_c.jpg;613;800
6219932231;27865228@N06;Day 21 Occupy Wall Street October 6 2011 Shankbone 13;1;https://live.staticflickr.com/6178/6219932231_ec6fffdbe4_c.jpg;572;800
6220446910;27865228@N06;Day 21 Occupy Wall Street October 6 2011 Shankbone 12;1;https://live.staticflickr.com/6045/6220446910_fefe101a72_c.jpg;568;800
6219918529;27865228@N06;Day 21 Occupy Wall Street October 6 2011 Shankbone 10;1;https://live.staticflickr.com/6098/6219918529_67452c641b_c.jpg;531;800
6220435090;27865228@N06;Day 21 Occupy Wall Street October 6 2011 Shankbone 9;1;https://live.staticflickr.com/6162/6220435090_3169523dfc_c.jpg;594;800
6220432730;27865228@N06;Day 21 Occupy Wall Street October 6 2011 Shankbone 8;1;https://live.staticflickr.com/6116/6220432730_5815c54af5_c.jpg;800;639
6219907975;27865228@N06;Day 21 Occupy Wall Street October 6 2011 Shankbone 7;1;https://live.staticflickr.com/6232/6219907975_27eba34a5d_c.jpg;611;800
6219904579;27865228@N06;Day 21 Occupy Wall Street October 6 2011 Shankbone 6;1;https://live.staticflickr.com/6098/6219904579_ee803bb91a_c.jpg;602;800
6219901665;27865228@N06;Day 21 Occupy Wall Street October 6 2011 Shankbone 5;1;https://live.staticflickr.com/6151/6219901665_00fc3110ca_c.jpg;555;800
6220421272;27865228@N06;Day 21 Occupy Wall Street October 6 2011 Shankbone 4;1;https://live.staticflickr.com/6229/6220421272_f52e7ab0ba_c.jpg;800;531
6219892269;27865228@N06;Day 21 Occupy Wall Street October 6 2011 Shankbone 2;1;https://live.staticflickr.com/6228/6219892269_69e6043124_c.jpg;636;800
6219258052;27865228@N06;Naomi Klein Occupy Wall Street 2011 Shankbone 2;1;https://live.staticflickr.com/6178/6219258052_25de5340da_c.jpg;608;800
6219258060;27865228@N06;Day 21 Occupy Wall Street October 6 2011 Shankbone;1;https://live.staticflickr.com/6161/6219258060_c4f8816771_c.jpg;549;800
6218717207;27865228@N06;Naomi Klein Occupy Wall Street 2011 Shankbone;1;https://live.staticflickr.com/6234/6218717207_4b9a7ddd93_c.jpg;800;632
6199386903;27865228@N06;Day 14 Occupy Wall Street September 30 2011 Shankbone 46;1;https://live.staticflickr.com/6162/6199386903_a08e453ce1_c.jpg;531;800
6199897402;27865228@N06;Day 14 Occupy Wall Street September 30 2011 Shankbone 43;1;https://live.staticflickr.com/6180/6199897402_6049ca8b82_c.jpg;571;800
6199895394;27865228@N06;Day 14 Occupy Wall Street September 30 2011 Shankbone 33;1;https://live.staticflickr.com/6131/6199895394_66ca43ab17_c.jpg;592;800
6199892768;27865228@N06;Day 14 Occupy Wall Street September 30 2011 Shankbone 18;1;https://live.staticflickr.com/6155/6199892768_9f280dcea6_c.jpg;531;800
6199370333;27865228@N06;Day 14 Occupy Wall Street September 30 2011 Shankbone 57;1;https://live.staticflickr.com/6152/6199370333_bdd64f55ab_c.jpg;531;800
6199360043;27865228@N06;Day 14 Occupy Wall Street September 30 2011 Shankbone 53;1;https://live.staticflickr.com/6130/6199360043_aba92fff87_c.jpg;587;800
6199356897;27865228@N06;Day 14 Occupy Wall Street September 30 2011 Shankbone 52;1;https://live.staticflickr.com/6172/6199356897_96c04287c6_c.jpg;531;800
6199349311;27865228@N06;Day 14 Occupy Wall Street September 30 2011 Shankbone 50;1;https://live.staticflickr.com/6154/6199349311_39daf046d2_c.jpg;629;800
6199857692;27865228@N06;Day 14 Occupy Wall Street September 30 2011 Shankbone 48;1;https://live.staticflickr.com/6152/6199857692_2c7c0ece46_c.jpg;611;800
6199334899;27865228@N06;Day 14 Occupy Wall Street September 30 2011 Shankbone 45;1;https://live.staticflickr.com/6179/6199334899_87f312c8a2_c.jpg;800;538
6199837188;27865228@N06;Day 14 Occupy Wall Street September 30 2011 Shankbone 42;1;https://live.staticflickr.com/6166/6199837188_58a742a873_c.jpg;666;800
6199834700;27865228@N06;Day 14 Occupy Wall Street September 30 2011 Shankbone 41;1;https://live.staticflickr.com/6156/6199834700_fcb19b2019_c.jpg;569;800
6199831930;27865228@N06;Day 14 Occupy Wall Street September 30 2011 Shankbone 40;1;https://live.staticflickr.com/6008/6199831930_ca907b6571_c.jpg;619;800
6199829638;27865228@N06;Day 14 Occupy Wall Street September 30 2011 Shankbone 39;1;https://live.staticflickr.com/6029/6199829638_bcbbf44325_c.jpg;800;514
6199826866;27865228@N06;Day 14 Occupy Wall Street September 30 2011 Shankbone 38;1;https://live.staticflickr.com/6160/6199826866_bf4780be15_c.jpg;608;800
6199825060;27865228@N06;Day 14 Occupy Wall Street September 30 2011 Shankbone 37;1;https://live.staticflickr.com/6178/6199825060_d3ddef7654_c.jpg;598;800
6199822982;27865228@N06;Day 14 Occupy Wall Street September 30 2011 Shankbone 36;1;https://live.staticflickr.com/6027/6199822982_78a9f9fd68_c.jpg;645;800
6199820728;27865228@N06;Day 14 Occupy Wall Street September 30 2011 Shankbone 35;1;https://live.staticflickr.com/6169/6199820728_de92a1f344_c.jpg;636;800
6199301905;27865228@N06;Day 14 Occupy Wall Street September 30 2011 Shankbone 32;1;https://live.staticflickr.com/6179/6199301905_73d5553fdf_c.jpg;584;800
6199812024;27865228@N06;Day 14 Occupy Wall Street September 30 2011 Shankbone 31;1;https://live.staticflickr.com/6175/6199812024_13ac3a2f8d_c.jpg;551;800
6199809552;27865228@N06;Day 14 Occupy Wall Street September 30 2011 Shankbone 30;1;https://live.staticflickr.com/6163/6199809552_cf222e01e9_c.jpg;531;800
6199292017;27865228@N06;Day 14 Occupy Wall Street September 30 2011 Shankbone 29;1;https://live.staticflickr.com/6123/6199292017_2a1b91305e_c.jpg;536;800
6199285771;27865228@N06;Day 14 Occupy Wall Street September 30 2011 Shankbone 27;1;https://live.staticflickr.com/6178/6199285771_7985b316f9_c.jpg;800;607
6199282895;27865228@N06;Day 14 Occupy Wall Street September 30 2011 Shankbone 26;1;https://live.staticflickr.com/6174/6199282895_0d7d74fbe2_c.jpg;615;800
6199280303;27865228@N06;Day 14 Occupy Wall Street September 30 2011 Shankbone 25;1;https://live.staticflickr.com/6153/6199280303_2ea3c85d8e_c.jpg;800;549
6199277783;27865228@N06;Day 14 Occupy Wall Street September 30 2011 Shankbone 24;1;https://live.staticflickr.com/6013/6199277783_caf1199766_c.jpg;625;800
6199788430;27865228@N06;Day 14 Occupy Wall Street September 30 2011 Shankbone 23;1;https://live.staticflickr.com/6165/6199788430_9f88d07a6b_c.jpg;800;528
6199274165;27865228@N06;Day 14 Occupy Wall Street September 30 2011 Shankbone 22;1;https://live.staticflickr.com/6172/6199274165_1763ca8420_c.jpg;531;800
6199267639;27865228@N06;Day 14 Occupy Wall Street September 30 2011 Shankbone 20;1;https://live.staticflickr.com/6174/6199267639_6ef96e705c_c.jpg;531;800
6199264467;27865228@N06;Day 14 Occupy Wall Street September 30 2011 Shankbone 19;1;https://live.staticflickr.com/6004/6199264467_230c4fb155_c.jpg;604;800
6199771628;27865228@N06;Day 14 Occupy Wall Street September 30 2011 Shankbone 17;1;https://live.staticflickr.com/6160/6199771628_c567dc0a81_c.jpg;531;800
6199767756;27865228@N06;Day 14 Occupy Wall Street September 30 2011 Shankbone 16;1;https://live.staticflickr.com/6020/6199767756_82fa5e4703_c.jpg;800;531
6199250601;27865228@N06;Day 14 Occupy Wall Street September 30 2011 Shankbone 15;1;https://live.staticflickr.com/6165/6199250601_7eae6ae459_c.jpg;567;800
6199247161;27865228@N06;Day 14 Occupy Wall Street September 30 2011 Shankbone 14;1;https://live.staticflickr.com/6157/6199247161_a51df88a40_c.jpg;531;800
6199757086;27865228@N06;Day 14 Occupy Wall Street September 30 2011 Shankbone 12;1;https://live.staticflickr.com/6180/6199757086_d7b2eb7859_c.jpg;800;531
6199754048;27865228@N06;Day 14 Occupy Wall Street September 30 2011 Shankbone 13;1;https://live.staticflickr.com/6012/6199754048_fcd75d18b4_c.jpg;554;800
6199750924;27865228@N06;Day 14 Occupy Wall Street September 30 2011 Shankbone 11;1;https://live.staticflickr.com/6005/6199750924_aa32d502e4_c.jpg;531;800
6199747000;27865228@N06;Day 14 Occupy Wall Street September 30 2011 Shankbone 10;1;https://live.staticflickr.com/6178/6199747000_0a86a9ccf4_c.jpg;531;800
6199742954;27865228@N06;Day 14 Occupy Wall Street September 30 2011 Shankbone 9;1;https://live.staticflickr.com/6175/6199742954_4b30c398a3_c.jpg;800;531
6199735440;27865228@N06;Day 14 Occupy Wall Street September 30 2011 Shankbone 7;1;https://live.staticflickr.com/6134/6199735440_6aa0f7b4f1_c.jpg;575;800
6199217491;27865228@N06;Day 14 Occupy Wall Street September 30 2011 Shankbone 6;1;https://live.staticflickr.com/6017/6199217491_e24f916357_c.jpg;538;800
6199214393;27865228@N06;Day 14 Occupy Wall Street September 30 2011 Shankbone 5;1;https://live.staticflickr.com/6165/6199214393_bdba6ef989_c.jpg;643;800
6199725814;27865228@N06;Day 14 Occupy Wall Street September 30 2011 Shankbone 4;1;https://live.staticflickr.com/6016/6199725814_88e5c477fa_c.jpg;800;562
6199719210;27865228@N06;Day 14 Occupy Wall Street September 30 2011 Shankbone 2;1;https://live.staticflickr.com/6005/6199719210_3dba9a7aff_c.jpg;531;800
6199715780;27865228@N06;Day 14 Occupy Wall Street September 30 2011 Shankbone;1;https://live.staticflickr.com/6130/6199715780_ec63586782_c.jpg;531;800
6193552023;27865228@N06;Day 12 Occupy Wall Street September 28 2011 Shankbone 31;1;https://live.staticflickr.com/6023/6193552023_4a2eaf8924_c.jpg;800;600
6194065214;27865228@N06;Day 12 Occupy Wall Street September 28 2011 Shankbone 41;1;https://live.staticflickr.com/6177/6194065214_26fbf6fec9_c.jpg;531;800
6194051894;27865228@N06;Day 12 Occupy Wall Street September 28 2011 Shankbone 19;1;https://live.staticflickr.com/6154/6194051894_0d15bc881f_c.jpg;531;800
6194047574;27865228@N06;Day 12 Occupy Wall Street September 28 2011 Shankbone 6;1;https://live.staticflickr.com/6166/6194047574_dea609183e_c.jpg;531;800
6194040088;27865228@N06;Day 12 Occupy Wall Street September 28 2011 Shankbone 54;1;https://live.staticflickr.com/6162/6194040088_1623be74c7_c.jpg;531;800
6194035634;27865228@N06;Day 12 Occupy Wall Street September 28 2011 Shankbone 53;1;https://live.staticflickr.com/6156/6194035634_3324568759_c.jpg;800;564
6199719210;27865228@N06;Day 14 Occupy Wall Street September 30 2011 Shankbone 2;1;https://live.staticflickr.com/6005/6199719210_3dba9a7aff_c.jpg;531;800
6199715780;27865228@N06;Day 14 Occupy Wall Street September 30 2011 Shankbone;1;https://live.staticflickr.com/6130/6199715780_ec63586782_c.jpg;531;800
6194065214;27865228@N06;Day 12 Occupy Wall Street September 28 2011 Shankbone 41;1;https://live.staticflickr.com/6177/6194065214_26fbf6fec9_c.jpg;531;800
6194051894;27865228@N06;Day 12 Occupy Wall Street September 28 2011 Shankbone 19;1;https://live.staticflickr.com/6154/6194051894_0d15bc881f_c.jpg;531;800
6194047574;27865228@N06;Day 12 Occupy Wall Street September 28 2011 Shankbone 6;1;https://live.staticflickr.com/6166/6194047574_dea609183e_c.jpg;531;800
6194040088;27865228@N06;Day 12 Occupy Wall Street September 28 2011 Shankbone 54;1;https://live.staticflickr.com/6162/6194040088_1623be74c7_c.jpg;531;800
6194035634;27865228@N06;Day 12 Occupy Wall Street September 28 2011 Shankbone 53;1;https://live.staticflickr.com/6156/6194035634_3324568759_c.jpg;800;564
6193501073;27865228@N06;Day 12 Occupy Wall Street September 28 2011 Shankbone 49;1;https://live.staticflickr.com/6180/6193501073_63c1b3ed3f_c.jpg;800;618
6193493805;27865228@N06;Day 12 Occupy Wall Street September 28 2011 Shankbone 47;1;https://live.staticflickr.com/6169/6193493805_04cf776288_c.jpg;531;800
6193490011;27865228@N06;Day 12 Occupy Wall Street September 28 2011 Shankbone 46;1;https://live.staticflickr.com/6153/6193490011_3992b3d880_c.jpg;800;581
6194005136;27865228@N06;Day 12 Occupy Wall Street September 28 2011 Shankbone 45;1;https://live.staticflickr.com/6178/6194005136_5fa0f946d2_c.jpg;800;531
6194000450;27865228@N06;Day 12 Occupy Wall Street September 28 2011 Shankbone 44;1;https://live.staticflickr.com/6164/6194000450_f97026d8f1_c.jpg;531;800
6193996344;27865228@N06;Day 12 Occupy Wall Street September 28 2011 Shankbone 43;1;https://live.staticflickr.com/6172/6193996344_f856f487e8_c.jpg;531;800
6193991576;27865228@N06;Day 12 Occupy Wall Street September 28 2011 Shankbone 42;1;https://live.staticflickr.com/6158/6193991576_99b31c6624_c.jpg;582;800
6193984970;27865228@N06;Day 12 Occupy Wall Street September 28 2011 Shankbone 40;1;https://live.staticflickr.com/6153/6193984970_09d9c1260b_c.jpg;601;800
6193980868;27865228@N06;Day 12 Occupy Wall Street September 28 2011 Shankbone 39;1;https://live.staticflickr.com/6180/6193980868_e517e5ae0d_c.jpg;531;800
6193459115;27865228@N06;Day 12 Occupy Wall Street September 28 2011 Shankbone 38;1;https://live.staticflickr.com/6027/6193459115_2651af5119_c.jpg;657;800
6193972512;27865228@N06;Day 12 Occupy Wall Street September 28 2011 Shankbone 37;1;https://live.staticflickr.com/6150/6193972512_e2d0a3761c_c.jpg;531;800
6193451157;27865228@N06;Day 12 Occupy Wall Street September 28 2011 Shankbone 36;1;https://live.staticflickr.com/6156/6193451157_3b2d646f2a_c.jpg;596;800
6193447657;27865228@N06;Day 12 Occupy Wall Street September 28 2011 Shankbone 35;1;https://live.staticflickr.com/6178/6193447657_06aaef5649_c.jpg;610;800
6193961480;27865228@N06;Day 12 Occupy Wall Street September 28 2011 Shankbone 34;1;https://live.staticflickr.com/6169/6193961480_2d314c0452_c.jpg;572;800
6193957872;27865228@N06;Goethe Girl on Day 12 Occupy Wall Street September 28 2011 Shankbone 33;1;https://live.staticflickr.com/6155/6193957872_b8eebbf9d6_c.jpg;800;592
6193437625;27865228@N06;Day 12 Occupy Wall Street September 28 2011 Shankbone 32;1;https://live.staticflickr.com/6177/6193437625_dfbbe283ff_c.jpg;573;800
6193432777;27865228@N06;Day 12 Occupy Wall Street September 28 2011 Shankbone 30;1;https://live.staticflickr.com/6152/6193432777_69e7f828e2_c.jpg;800;643
6193429979;27865228@N06;Day 12 Occupy Wall Street September 28 2011 Shankbone 29;1;https://live.staticflickr.com/6142/6193429979_7f3b3a509e_c.jpg;531;800
6193941798;27865228@N06;Day 12 Occupy Wall Street September 28 2011 Shankbone 28;1;https://live.staticflickr.com/6166/6193941798_29b2aa0d2f_c.jpg;531;800
6193936894;27865228@N06;Day 12 Occupy Wall Street September 28 2011 Shankbone 27;1;https://live.staticflickr.com/6126/6193936894_66570e7bbd_c.jpg;800;513
6193933760;27865228@N06;Day 12 Occupy Wall Street September 28 2011 Shankbone 26;1;https://live.staticflickr.com/6149/6193933760_e5b85e4c7d_c.jpg;800;572
6193929440;27865228@N06;Day 12 Occupy Wall Street September 28 2011 Shankbone 25;1;https://live.staticflickr.com/6169/6193929440_70d56188e2_c.jpg;630;800
6193408399;27865228@N06;Day 12 Occupy Wall Street September 28 2011 Shankbone 24;1;https://live.staticflickr.com/6162/6193408399_30defaec74_c.jpg;590;800
6193922422;27865228@N06;Day 12 Occupy Wall Street September 28 2011 Shankbone 23;1;https://live.staticflickr.com/6180/6193922422_afe6a9ba91_c.jpg;639;800
6193404069;27865228@N06;Day 12 Occupy Wall Street September 28 2011 Shankbone 22;1;https://live.staticflickr.com/6157/6193404069_369bf5cc6d_c.jpg;531;800
6193917100;27865228@N06;Day 12 Occupy Wall Street September 28 2011 Shankbone 21;1;https://live.staticflickr.com/6139/6193917100_42ddc44547_c.jpg;620;800
6193915060;27865228@N06;Day 12 Occupy Wall Street September 28 2011 Shankbone 20;1;https://live.staticflickr.com/6172/6193915060_f2abe88229_c.jpg;800;605
6193392483;27865228@N06;Day 12 Occupy Wall Street September 28 2011 Shankbone 18;1;https://live.staticflickr.com/6166/6193392483_617ebf7ea6_c.jpg;800;594
6193906870;27865228@N06;Day 12 Occupy Wall Street September 28 2011 Shankbone 17;1;https://live.staticflickr.com/6174/6193906870_ccc9dff2ae_c.jpg;531;800
6193385015;27865228@N06;Day 12 Occupy Wall Street September 28 2011 Shankbone 16;1;https://live.staticflickr.com/6030/6193385015_4d24eb360e_c.jpg;595;800
6193381381;27865228@N06;Day 12 Occupy Wall Street September 28 2011 Shankbone 15;1;https://live.staticflickr.com/6173/6193381381_a419ab1ec5_c.jpg;570;800
6193377223;27865228@N06;Day 12 Occupy Wall Street September 28 2011 Shankbone 14;1;https://live.staticflickr.com/6168/6193377223_edd20cc5f9_c.jpg;800;683
6193891028;27865228@N06;Day 12 Occupy Wall Street September 28 2011 Shankbone 13;1;https://live.staticflickr.com/6145/6193891028_602c6090fa_c.jpg;800;531
6193886424;27865228@N06;Day 12 Occupy Wall Street September 28 2011 Shankbone 12;1;https://live.staticflickr.com/6152/6193886424_a98fb40eb7_c.jpg;549;800
6193882764;27865228@N06;Day 12 Occupy Wall Street September 28 2011 Shankbone 11;1;https://live.staticflickr.com/6166/6193882764_68b41b695b_c.jpg;531;800
6193878430;27865228@N06;Day 12 Occupy Wall Street September 28 2011 Shankbone 10;1;https://live.staticflickr.com/6140/6193878430_f9b6beddb5_c.jpg;613;800
6193358061;27865228@N06;Day 12 Occupy Wall Street September 28 2011 Shankbone 9;1;https://live.staticflickr.com/6158/6193358061_e863984d88_c.jpg;531;800
6193353697;27865228@N06;Day 12 Occupy Wall Street September 28 2011 Shankbone 8;1;https://live.staticflickr.com/6172/6193353697_a73032e4cc_c.jpg;531;800
6193866964;27865228@N06;Day 12 Occupy Wall Street September 28 2011 Shankbone 7;1;https://live.staticflickr.com/6172/6193866964_6305daffdd_c.jpg;612;800
6193343377;27865228@N06;Day 12 Occupy Wall Street September 28 2011 Shankbone 5;1;https://live.staticflickr.com/6136/6193343377_a4d94064c1_c.jpg;572;800
6193857044;27865228@N06;Day 12 Occupy Wall Street September 28 2011 Shankbone 4;1;https://live.staticflickr.com/6176/6193857044_7ef5c70379_c.jpg;531;800
6193336265;27865228@N06;Day 12 Occupy Wall Street September 28 2011 Shankbone 3;1;https://live.staticflickr.com/6172/6193336265_77a9151e32_c.jpg;613;800
6193849872;27865228@N06;Day 12 Occupy Wall Street September 28 2011 Shankbone 2;1;https://live.staticflickr.com/6162/6193849872_75ddbafea5_c.jpg;800;531
6193328737;27865228@N06;Day 12 Occupy Wall Street September 28 2011 Shankbone;1;https://live.staticflickr.com/6177/6193328737_b8ef849e21_c.jpg;591;800
